time,load_shortfall_3h
2018-01-01 00:00:00,9661.298
2018-01-01 03:00:00,3650.1775
2018-01-01 06:00:00,807.41656
2018-01-01 09:00:00,5670.979
2018-01-01 12:00:00,6741.31
2018-01-01 15:00:00,7739.575
2018-01-01 18:00:00,3735.2935
2018-01-01 21:00:00,6376.303
2018-01-02 00:00:00,7646.9067
2018-01-02 03:00:00,6696.566
2018-01-02 06:00:00,4061.1812
2018-01-02 09:00:00,9158.276
2018-01-02 12:00:00,9977.008
2018-01-02 15:00:00,8930.734
2018-01-02 18:00:00,7388.754
2018-01-02 21:00:00,12019.294
2018-01-03 00:00:00,10374.61
2018-01-03 03:00:00,4478.8716
2018-01-03 06:00:00,3542.811
2018-01-03 09:00:00,9637.298
2018-01-03 12:00:00,8134.0723
2018-01-03 15:00:00,6507.18
2018-01-03 18:00:00,7054.663
2018-01-03 21:00:00,8581.445
2018-01-04 00:00:00,9472.723
2018-01-04 03:00:00,4349.835
2018-01-04 06:00:00,561.42816
2018-01-04 09:00:00,8352.057
2018-01-04 12:00:00,7221.37
2018-01-04 15:00:00,6308.4707
2018-01-04 18:00:00,5752.7583
2018-01-04 21:00:00,8143.0576
2018-01-05 00:00:00,9213.379
2018-01-05 03:00:00,461.36624
2018-01-05 06:00:00,1331.9177
2018-01-05 09:00:00,1724.6865
2018-01-05 12:00:00,2549.221
2018-01-05 15:00:00,2507.5046
2018-01-05 18:00:00,2873.0193
2018-01-05 21:00:00,3615.2485
2018-01-06 00:00:00,7108.5054
2018-01-06 03:00:00,4102.5625
2018-01-06 06:00:00,1062.306
2018-01-06 09:00:00,11139.204
2018-01-06 12:00:00,7892.6567
2018-01-06 15:00:00,9518.683
2018-01-06 18:00:00,8321.343
2018-01-06 21:00:00,8023.091
2018-01-07 00:00:00,9871.973
2018-01-07 03:00:00,6031.161
2018-01-07 06:00:00,2291.7974
2018-01-07 09:00:00,9323.95
2018-01-07 12:00:00,4976.829
2018-01-07 15:00:00,8048.2295
2018-01-07 18:00:00,7126.898
2018-01-07 21:00:00,11587.077
2018-01-08 00:00:00,10484.765
2018-01-08 03:00:00,7332.553
2018-01-08 06:00:00,4461.3228
2018-01-08 09:00:00,7763.6035
2018-01-08 12:00:00,11061.541
2018-01-08 15:00:00,13181.909
2018-01-08 18:00:00,12909.185
2018-01-08 21:00:00,12505.807
2018-01-09 00:00:00,10423.958
2018-01-09 03:00:00,8308.798
2018-01-09 06:00:00,6789.5815
2018-01-09 09:00:00,10146.9375
2018-01-09 12:00:00,15724.267
2018-01-09 15:00:00,14107.704
2018-01-09 18:00:00,15261.584
2018-01-09 21:00:00,13494.016
2018-01-10 00:00:00,11635.903
2018-01-10 03:00:00,8686.882
2018-01-10 06:00:00,4434.075
2018-01-10 09:00:00,10897.46
2018-01-10 12:00:00,12112.681
2018-01-10 15:00:00,12273.005
2018-01-10 18:00:00,9680.317
2018-01-10 21:00:00,11908.303
2018-01-11 00:00:00,9341.052
2018-01-11 03:00:00,3427.4011
2018-01-11 06:00:00,2370.915
2018-01-11 09:00:00,8072.042
2018-01-11 12:00:00,6409.96
2018-01-11 15:00:00,3836.7817
2018-01-11 18:00:00,9924.014
2018-01-11 21:00:00,13359.039
2018-01-12 00:00:00,15479.788
2018-01-12 03:00:00,9138.914
2018-01-12 06:00:00,10082.816
2018-01-12 09:00:00,12191.643
2018-01-12 12:00:00,15623.837
2018-01-12 15:00:00,14976.541
2018-01-12 18:00:00,16969.81
2018-01-12 21:00:00,18051.861
2018-01-13 00:00:00,14283.743
2018-01-13 03:00:00,9569.335
2018-01-13 06:00:00,9367.898
2018-01-13 09:00:00,9657.886
2018-01-13 12:00:00,12075.223
2018-01-13 15:00:00,17050.553
2018-01-13 18:00:00,13650.176
2018-01-13 21:00:00,12083.288
2018-01-14 00:00:00,13254.77
2018-01-14 03:00:00,5136.9346
2018-01-14 06:00:00,1348.2152
2018-01-14 09:00:00,6610.845
2018-01-14 12:00:00,8395.113
2018-01-14 15:00:00,9182.128
2018-01-14 18:00:00,11197.182
2018-01-14 21:00:00,17267.438
2018-01-15 00:00:00,13006.709
2018-01-15 03:00:00,7591.7183
2018-01-15 06:00:00,7082.357
2018-01-15 09:00:00,10125.725
2018-01-15 12:00:00,11430.094
2018-01-15 15:00:00,9408.525
2018-01-15 18:00:00,9186.616
2018-01-15 21:00:00,11921.215
2018-01-16 00:00:00,12856.961
2018-01-16 03:00:00,4615.5483
2018-01-16 06:00:00,5854.5137
2018-01-16 09:00:00,10481.468
2018-01-16 12:00:00,11215.248
2018-01-16 15:00:00,8382.914
2018-01-16 18:00:00,9212.472
2018-01-16 21:00:00,10453.385
2018-01-17 00:00:00,11607.995
2018-01-17 03:00:00,1725.8538
2018-01-17 06:00:00,3648.9822
2018-01-17 09:00:00,10334.037
2018-01-17 12:00:00,9705.617
2018-01-17 15:00:00,3432.6445
2018-01-17 18:00:00,5274.213
2018-01-17 21:00:00,13577.872
2018-01-18 00:00:00,13064.827
2018-01-18 03:00:00,6850.7314
2018-01-18 06:00:00,2594.9797
2018-01-18 09:00:00,9566.641
2018-01-18 12:00:00,8777.439
2018-01-18 15:00:00,7031.8896
2018-01-18 18:00:00,10305.974
2018-01-18 21:00:00,14324.861
2018-01-19 00:00:00,14694.098
2018-01-19 03:00:00,5763.6333
2018-01-19 06:00:00,7251.388
2018-01-19 09:00:00,12231.966
2018-01-19 12:00:00,11827.114
2018-01-19 15:00:00,9504.943
2018-01-19 18:00:00,6002.8423
2018-01-19 21:00:00,15241.204
2018-01-20 00:00:00,13711.219
2018-01-20 03:00:00,10767.302
2018-01-20 06:00:00,6245.6675
2018-01-20 09:00:00,11289.261
2018-01-20 12:00:00,13401.389
2018-01-20 15:00:00,5984.879
2018-01-20 18:00:00,9830.31
2018-01-20 21:00:00,10833.678
2018-01-21 00:00:00,9037.572
2018-01-21 03:00:00,3821.3433
2018-01-21 06:00:00,4818.806
2018-01-21 09:00:00,11203.113
2018-01-21 12:00:00,13051.054
2018-01-21 15:00:00,8954.439
2018-01-21 18:00:00,9832.349
2018-01-21 21:00:00,13130.124
2018-01-22 00:00:00,14110.748
2018-01-22 03:00:00,7809.3936
2018-01-22 06:00:00,6106.456
2018-01-22 09:00:00,9756.518
2018-01-22 12:00:00,8822.754
2018-01-22 15:00:00,6301.3765
2018-01-22 18:00:00,6939.661
2018-01-22 21:00:00,15618.71
2018-01-23 00:00:00,12154.1045
2018-01-23 03:00:00,9224.113
2018-01-23 06:00:00,8973.107
2018-01-23 09:00:00,11035.451
2018-01-23 12:00:00,12401.179
2018-01-23 15:00:00,7879.8984
2018-01-23 18:00:00,9365.416
2018-01-23 21:00:00,15235.493
2018-01-24 00:00:00,15216.395
2018-01-24 03:00:00,8352.055
2018-01-24 06:00:00,6176.0996
2018-01-24 09:00:00,12033.88
2018-01-24 12:00:00,12618.732
2018-01-24 15:00:00,9812.393
2018-01-24 18:00:00,8468.851
2018-01-24 21:00:00,15250.026
2018-01-25 00:00:00,14124.515
2018-01-25 03:00:00,8353.879
2018-01-25 06:00:00,6144.8833
2018-01-25 09:00:00,11753.034
2018-01-25 12:00:00,16992.512
2018-01-25 15:00:00,13859.656
2018-01-25 18:00:00,15228.751
2018-01-25 21:00:00,13752.927
2018-01-26 00:00:00,9563.968
2018-01-26 03:00:00,2719.8599
2018-01-26 06:00:00,-3752.28
2018-01-26 09:00:00,4532.222
2018-01-26 12:00:00,8595.834
2018-01-26 15:00:00,9055.847
2018-01-26 18:00:00,4726.5283
2018-01-26 21:00:00,8909.002
2018-01-27 00:00:00,9393.654
2018-01-27 03:00:00,1326.092
2018-01-27 06:00:00,82.09549
2018-01-27 09:00:00,7878.524
2018-01-27 12:00:00,11407.443
2018-01-27 15:00:00,11283.059
2018-01-27 18:00:00,9434.986
2018-01-27 21:00:00,14407.703
2018-01-28 00:00:00,12883.1
2018-01-28 03:00:00,8049.0874
2018-01-28 06:00:00,8971.921
2018-01-28 09:00:00,12457.26
2018-01-28 12:00:00,10360.326
2018-01-28 15:00:00,10018.797
2018-01-28 18:00:00,9485.958
2018-01-28 21:00:00,12456.302
2018-01-29 00:00:00,15371.059
2018-01-29 03:00:00,8968.495
2018-01-29 06:00:00,8638.388
2018-01-29 09:00:00,11285.374
2018-01-29 12:00:00,14034.025
2018-01-29 15:00:00,9045.301
2018-01-29 18:00:00,9133.814
2018-01-29 21:00:00,12589.47
2018-01-30 00:00:00,11502.823
2018-01-30 03:00:00,5801.417
2018-01-30 06:00:00,2948.3425
2018-01-30 09:00:00,10779.014
2018-01-30 12:00:00,11372.883
2018-01-30 15:00:00,9746.455
2018-01-30 18:00:00,6979.3003
2018-01-30 21:00:00,8756.024
2018-01-31 00:00:00,12400.858
2018-01-31 03:00:00,4287.6504
2018-01-31 06:00:00,1030.8821
2018-01-31 09:00:00,10367.396
2018-01-31 12:00:00,10686.907
2018-01-31 15:00:00,7706.0654
2018-01-31 18:00:00,6902.3423
2018-01-31 21:00:00,11586.979
2018-02-01 00:00:00,16368.002
2018-02-01 03:00:00,1018.7231
2018-02-01 06:00:00,-1048.7604
2018-02-01 09:00:00,5832.027
2018-02-01 12:00:00,4412.247
2018-02-01 15:00:00,3019.14
2018-02-01 18:00:00,3571.2043
2018-02-01 21:00:00,3400.4197
2018-02-02 00:00:00,4027.61
2018-02-02 03:00:00,767.2975
2018-02-02 06:00:00,-597.14545
2018-02-02 09:00:00,8117.2256
2018-02-02 12:00:00,6327.0176
2018-02-02 15:00:00,5712.162
2018-02-02 18:00:00,6135.201
2018-02-02 21:00:00,5859.0757
2018-02-03 00:00:00,516.44836
2018-02-03 03:00:00,-3938.2153
2018-02-03 06:00:00,-1842.084
2018-02-03 09:00:00,1052.4713
2018-02-03 12:00:00,1557.9758
2018-02-03 15:00:00,484.27927
2018-02-03 18:00:00,1790.191
2018-02-03 21:00:00,1520.9752
2018-02-04 00:00:00,836.8338
2018-02-04 03:00:00,6.1511335
2018-02-04 06:00:00,-2693.6787
2018-02-04 09:00:00,3226.5256
2018-02-04 12:00:00,5975.6074
2018-02-04 15:00:00,3988.8823
2018-02-04 18:00:00,3455.7327
2018-02-04 21:00:00,4423.252
2018-02-05 00:00:00,5126.581
2018-02-05 03:00:00,3300.8533
2018-02-05 06:00:00,1352.2869
2018-02-05 09:00:00,6747.485
2018-02-05 12:00:00,5995.333
2018-02-05 15:00:00,7938.1377
2018-02-05 18:00:00,7606.306
2018-02-05 21:00:00,4129.0083
2018-02-06 00:00:00,11177.032
2018-02-06 03:00:00,6616.447
2018-02-06 06:00:00,4539.809
2018-02-06 09:00:00,8781.7705
2018-02-06 12:00:00,7761.8696
2018-02-06 15:00:00,9868.689
2018-02-06 18:00:00,9476.661
2018-02-06 21:00:00,8182.357
2018-02-07 00:00:00,5870.763
2018-02-07 03:00:00,6249.3613
2018-02-07 06:00:00,4358.2666
2018-02-07 09:00:00,7839.1016
2018-02-07 12:00:00,7777.5205
2018-02-07 15:00:00,6816.3247
2018-02-07 18:00:00,7764.4663
2018-02-07 21:00:00,6026.351
2018-02-08 00:00:00,8355.592
2018-02-08 03:00:00,10951.659
2018-02-08 06:00:00,9020.746
2018-02-08 09:00:00,10692.284
2018-02-08 12:00:00,10891.343
2018-02-08 15:00:00,12203.738
2018-02-08 18:00:00,10487.719
2018-02-08 21:00:00,12238.811
2018-02-09 00:00:00,12414.59
2018-02-09 03:00:00,10631.052
2018-02-09 06:00:00,7581.2827
2018-02-09 09:00:00,15620.335
2018-02-09 12:00:00,13881.021
2018-02-09 15:00:00,14504.664
2018-02-09 18:00:00,13975.057
2018-02-09 21:00:00,15193.502
2018-02-10 00:00:00,14866.445
2018-02-10 03:00:00,11205.252
2018-02-10 06:00:00,10813.693
2018-02-10 09:00:00,11238.908
2018-02-10 12:00:00,16194.529
2018-02-10 15:00:00,8379.458
2018-02-10 18:00:00,10545.595
2018-02-10 21:00:00,15090.803
2018-02-11 00:00:00,14318.011
2018-02-11 03:00:00,8636.592
2018-02-11 06:00:00,7959.6704
2018-02-11 09:00:00,13769.144
2018-02-11 12:00:00,14303.906
2018-02-11 15:00:00,9171.928
2018-02-11 18:00:00,9687.346
2018-02-11 21:00:00,10321.995
2018-02-12 00:00:00,11450.55
2018-02-12 03:00:00,7382.32
2018-02-12 06:00:00,5119.126
2018-02-12 09:00:00,9431.623
2018-02-12 12:00:00,14165.884
2018-02-12 15:00:00,15868.662
2018-02-12 18:00:00,13825.266
2018-02-12 21:00:00,14509.021
2018-02-13 00:00:00,13470.751
2018-02-13 03:00:00,4961.4688
2018-02-13 06:00:00,6818.663
2018-02-13 09:00:00,11528.8
2018-02-13 12:00:00,8877.164
2018-02-13 15:00:00,294.09018
2018-02-13 18:00:00,-256.9408
2018-02-13 21:00:00,302.10782
2018-02-14 00:00:00,2661.3145
2018-02-14 03:00:00,478.2128
2018-02-14 06:00:00,3263.2856
2018-02-14 09:00:00,5946.993
2018-02-14 12:00:00,8191.191
2018-02-14 15:00:00,8163.4995
2018-02-14 18:00:00,8084.0786
2018-02-14 21:00:00,10065.965
2018-02-15 00:00:00,10894.424
2018-02-15 03:00:00,7873.7964
2018-02-15 06:00:00,6303.0684
2018-02-15 09:00:00,9045.506
2018-02-15 12:00:00,10688.336
2018-02-15 15:00:00,11479.912
2018-02-15 18:00:00,9608.99
2018-02-15 21:00:00,13910.404
2018-02-16 00:00:00,11551.785
2018-02-16 03:00:00,6506.6006
2018-02-16 06:00:00,6476.7485
2018-02-16 09:00:00,11409.687
2018-02-16 12:00:00,8319.948
2018-02-16 15:00:00,10841.907
2018-02-16 18:00:00,9308.613
2018-02-16 21:00:00,10226.053
2018-02-17 00:00:00,10785.881
2018-02-17 03:00:00,4273.8477
2018-02-17 06:00:00,4672.7095
2018-02-17 09:00:00,10740.104
2018-02-17 12:00:00,10339.768
2018-02-17 15:00:00,8699.717
2018-02-17 18:00:00,7526.9224
2018-02-17 21:00:00,11768.588
2018-02-18 00:00:00,11815.823
2018-02-18 03:00:00,8519.015
2018-02-18 06:00:00,6588.638
2018-02-18 09:00:00,10562.25
2018-02-18 12:00:00,13405.629
2018-02-18 15:00:00,5781.905
2018-02-18 18:00:00,8167.1626
2018-02-18 21:00:00,10303.089
2018-02-19 00:00:00,10467.1875
2018-02-19 03:00:00,3727.4778
2018-02-19 06:00:00,3342.1216
2018-02-19 09:00:00,9423.492
2018-02-19 12:00:00,8848.875
2018-02-19 15:00:00,8175.519
2018-02-19 18:00:00,2133.2158
2018-02-19 21:00:00,4620.8647
2018-02-20 00:00:00,4466.0415
2018-02-20 03:00:00,853.36786
2018-02-20 06:00:00,-2408.3503
2018-02-20 09:00:00,1801.8153
2018-02-20 12:00:00,-758.9242
2018-02-20 15:00:00,2989.6355
2018-02-20 18:00:00,-2215.0872
2018-02-20 21:00:00,429.5149
2018-02-21 00:00:00,1315.8048
2018-02-21 03:00:00,-2332.8218
2018-02-21 06:00:00,-5679.821
2018-02-21 09:00:00,-329.27527
2018-02-21 12:00:00,393.3632
2018-02-21 15:00:00,2250.0547
2018-02-21 18:00:00,2809.0388
2018-02-21 21:00:00,6409.5957
2018-02-22 00:00:00,7981.751
2018-02-22 03:00:00,1403.0042
2018-02-22 06:00:00,-295.8459
2018-02-22 09:00:00,5025.613
2018-02-22 12:00:00,4021.5085
2018-02-22 15:00:00,1562.1295
2018-02-22 18:00:00,1534.8192
2018-02-22 21:00:00,10395.799
2018-02-23 00:00:00,4033.9915
2018-02-23 03:00:00,2591.3445
2018-02-23 06:00:00,-2164.745
2018-02-23 09:00:00,4715.582
2018-02-23 12:00:00,4193.0317
2018-02-23 15:00:00,2468.1072
2018-02-23 18:00:00,2245.9004
2018-02-23 21:00:00,6001.1826
2018-02-24 00:00:00,7579.205
2018-02-24 03:00:00,2666.1677
2018-02-24 06:00:00,1677.5873
2018-02-24 09:00:00,5012.985
2018-02-24 12:00:00,7084.2534
2018-02-24 15:00:00,4673.704
2018-02-24 18:00:00,6301.616
2018-02-24 21:00:00,7983.849
2018-02-25 00:00:00,7188.296
2018-02-25 03:00:00,-1725.2758
2018-02-25 06:00:00,-202.3247
2018-02-25 09:00:00,8345.343
2018-02-25 12:00:00,8306.431
2018-02-25 15:00:00,3616.0144
2018-02-25 18:00:00,3661.9983
2018-02-25 21:00:00,9778.181
2018-02-26 00:00:00,6911.185
2018-02-26 03:00:00,1009.5635
2018-02-26 06:00:00,3182.4697
2018-02-26 09:00:00,4029.171
2018-02-26 12:00:00,4834.128
2018-02-26 15:00:00,2084.0913
2018-02-26 18:00:00,3294.6414
2018-02-26 21:00:00,8743.655
2018-02-27 00:00:00,5601.8296
2018-02-27 03:00:00,-5369.3477
2018-02-27 06:00:00,-3701.5876
2018-02-27 09:00:00,2802.138
2018-02-27 12:00:00,6781.9546
2018-02-27 15:00:00,7928.9595
2018-02-27 18:00:00,4834.618
2018-02-27 21:00:00,6752.343
2018-02-28 00:00:00,5665.4688
2018-02-28 03:00:00,126.03593
2018-02-28 06:00:00,-3021.5793
2018-02-28 09:00:00,1107.8577
2018-02-28 12:00:00,5268.7075
2018-02-28 15:00:00,2951.6023
2018-02-28 18:00:00,3497.9448
2018-02-28 21:00:00,5470.0005
2018-03-01 00:00:00,7975.6255
2018-03-01 03:00:00,-791.06506
2018-03-01 06:00:00,-3648.8413
2018-03-01 09:00:00,1082.7394
2018-03-01 12:00:00,-1378.0376
2018-03-01 15:00:00,880.9619
2018-03-01 18:00:00,2197.5513
2018-03-01 21:00:00,5328.9097
2018-03-02 00:00:00,7314.6113
2018-03-02 03:00:00,-1532.4774
2018-03-02 06:00:00,-630.24725
2018-03-02 09:00:00,5468.6562
2018-03-02 12:00:00,6028.0576
2018-03-02 15:00:00,6311.3853
2018-03-02 18:00:00,6763.4526
2018-03-02 21:00:00,8313.62
2018-03-03 00:00:00,6024.617
2018-03-03 03:00:00,603.14
2018-03-03 06:00:00,343.67102
2018-03-03 09:00:00,249.4658
2018-03-03 12:00:00,-2040.6549
2018-03-03 15:00:00,-443.87534
2018-03-03 18:00:00,2787.5532
2018-03-03 21:00:00,5123.4043
2018-03-04 00:00:00,5644.4517
2018-03-04 03:00:00,-922.1649
2018-03-04 06:00:00,-2806.4746
2018-03-04 09:00:00,922.4588
2018-03-04 12:00:00,1907.8018
2018-03-04 15:00:00,-1888.6943
2018-03-04 18:00:00,-2486.7344
2018-03-04 21:00:00,-428.12134
2018-03-05 00:00:00,6633.0864
2018-03-05 03:00:00,2269.2854
2018-03-05 06:00:00,64.35694
2018-03-05 09:00:00,3874.8005
2018-03-05 12:00:00,3804.0713
2018-03-05 15:00:00,3397.4211
2018-03-05 18:00:00,4321.673
2018-03-05 21:00:00,2469.097
2018-03-06 00:00:00,10628.906
2018-03-06 03:00:00,5510.149
2018-03-06 06:00:00,5871.504
2018-03-06 09:00:00,7935.574
2018-03-06 12:00:00,5181.931
2018-03-06 15:00:00,5467.242
2018-03-06 18:00:00,6575.328
2018-03-06 21:00:00,3283.9937
2018-03-07 00:00:00,6753.2334
2018-03-07 03:00:00,3215.5405
2018-03-07 06:00:00,2925.703
2018-03-07 09:00:00,6662.2305
2018-03-07 12:00:00,11397.951
2018-03-07 15:00:00,10817.7295
2018-03-07 18:00:00,6992.977
2018-03-07 21:00:00,9144.891
2018-03-08 00:00:00,9165.511
2018-03-08 03:00:00,6559.8823
2018-03-08 06:00:00,4776.914
2018-03-08 09:00:00,12238.83
2018-03-08 12:00:00,11678.085
2018-03-08 15:00:00,9791.113
2018-03-08 18:00:00,11086.225
2018-03-08 21:00:00,13298.22
2018-03-09 00:00:00,12124.09
2018-03-09 03:00:00,9849.134
2018-03-09 06:00:00,6780.132
2018-03-09 09:00:00,9267.158
2018-03-09 12:00:00,9759.097
2018-03-09 15:00:00,8035.0386
2018-03-09 18:00:00,11453.767
2018-03-09 21:00:00,11648.236
2018-03-10 00:00:00,8199.735
2018-03-10 03:00:00,3005.1694
2018-03-10 06:00:00,1829.322
2018-03-10 09:00:00,6708.3833
2018-03-10 12:00:00,8071.965
2018-03-10 15:00:00,9223.983
2018-03-10 18:00:00,10631.315
2018-03-10 21:00:00,10125.569
2018-03-11 00:00:00,10340.558
2018-03-11 03:00:00,5923.447
2018-03-11 06:00:00,5508.2085
2018-03-11 09:00:00,8347.715
2018-03-11 12:00:00,10114.82
2018-03-11 15:00:00,9419.102
2018-03-11 18:00:00,10612.075
2018-03-11 21:00:00,13476.883
2018-03-12 00:00:00,9804.161
2018-03-12 03:00:00,6797.584
2018-03-12 06:00:00,9049.13
2018-03-12 09:00:00,11299.883
2018-03-12 12:00:00,13808.209
2018-03-12 15:00:00,11709.087
2018-03-12 18:00:00,10850.674
2018-03-12 21:00:00,11665.442
2018-03-13 00:00:00,5704.844
2018-03-13 03:00:00,4277.806
2018-03-13 06:00:00,1637.5582
2018-03-13 09:00:00,9481.724
2018-03-13 12:00:00,4077.2751
2018-03-13 15:00:00,-478.1078
2018-03-13 18:00:00,1674.2123
2018-03-13 21:00:00,7948.1616
2018-03-14 00:00:00,8507.929
2018-03-14 03:00:00,2743.4873
2018-03-14 06:00:00,2054.5793
2018-03-14 09:00:00,4244.258
2018-03-14 12:00:00,270.25137
2018-03-14 15:00:00,263.7031
2018-03-14 18:00:00,3094.5007
2018-03-14 21:00:00,6326.4927
2018-03-15 00:00:00,2656.0054
2018-03-15 03:00:00,-2906.349
2018-03-15 06:00:00,-201.03932
2018-03-15 09:00:00,-751.01465
2018-03-15 12:00:00,-1283.4548
2018-03-15 15:00:00,320.129
2018-03-15 18:00:00,146.8652
2018-03-15 21:00:00,-1289.9929
2018-03-16 00:00:00,2672.0054
2018-03-16 03:00:00,606.3943
2018-03-16 06:00:00,78.64815
2018-03-16 09:00:00,1496.3602
2018-03-16 12:00:00,2824.5024
2018-03-16 15:00:00,-3040.286
2018-03-16 18:00:00,-820.71497
2018-03-16 21:00:00,3364.2307
2018-03-17 00:00:00,4096.3003
2018-03-17 03:00:00,-41.71785
2018-03-17 06:00:00,2526.4363
2018-03-17 09:00:00,3198.1006
2018-03-17 12:00:00,3400.145
2018-03-17 15:00:00,4088.9329
2018-03-17 18:00:00,-610.82733
2018-03-17 21:00:00,2570.0615
2018-03-18 00:00:00,2867.3022
2018-03-18 03:00:00,-813.4278
2018-03-18 06:00:00,-2957.7334
2018-03-18 09:00:00,902.3766
2018-03-18 12:00:00,1487.8917
2018-03-18 15:00:00,-2101.679
2018-03-18 18:00:00,-3548.72
2018-03-18 21:00:00,3766.718
2018-03-19 00:00:00,3630.4807
2018-03-19 03:00:00,3869.4924
2018-03-19 06:00:00,257.75165
2018-03-19 09:00:00,3144.4607
2018-03-19 12:00:00,1478.3633
2018-03-19 15:00:00,-1122.5306
2018-03-19 18:00:00,851.4938
2018-03-19 21:00:00,6521.209
2018-03-20 00:00:00,-1300.3495
2018-03-20 03:00:00,-247.4971
2018-03-20 06:00:00,-2472.4277
2018-03-20 09:00:00,1702.4865
2018-03-20 12:00:00,2690.1562
2018-03-20 15:00:00,-541.2542
2018-03-20 18:00:00,-1562.9193
2018-03-20 21:00:00,1311.7146
2018-03-21 00:00:00,295.71072
2018-03-21 03:00:00,-376.49942
2018-03-21 06:00:00,1509.2886
2018-03-21 09:00:00,5892.313
2018-03-21 12:00:00,8261.257
2018-03-21 15:00:00,488.53656
2018-03-21 18:00:00,4247.966
2018-03-21 21:00:00,2905.4587
2018-03-22 00:00:00,6086.3896
2018-03-22 03:00:00,2546.49
2018-03-22 06:00:00,3609.3193
2018-03-22 09:00:00,6343.7827
2018-03-22 12:00:00,7546.8003
2018-03-22 15:00:00,-1753.2264
2018-03-22 18:00:00,-275.0148
2018-03-22 21:00:00,3329.5298
2018-03-23 00:00:00,2191.9321
2018-03-23 03:00:00,1175.9658
2018-03-23 06:00:00,615.76624
2018-03-23 09:00:00,1511.4374
2018-03-23 12:00:00,-3020.9663
2018-03-23 15:00:00,891.9845
2018-03-23 18:00:00,945.54285
2018-03-23 21:00:00,-61.498375
2018-03-24 00:00:00,2686.0168
2018-03-24 03:00:00,-3470.7021
2018-03-24 06:00:00,-4855.591
2018-03-24 09:00:00,-1616.5219
2018-03-24 12:00:00,1286.4039
2018-03-24 15:00:00,-2415.1294
2018-03-24 18:00:00,-2307.1384
2018-03-24 21:00:00,-2768.0447
2018-03-25 00:00:00,-112.49237
2018-03-25 03:00:00,-3005.0688
2018-03-25 06:00:00,-5373.779
2018-03-25 09:00:00,284.84003
2018-03-25 12:00:00,4274.4443
2018-03-25 15:00:00,2007.5343
2018-03-25 18:00:00,1541.87
2018-03-25 21:00:00,3202.9873
2018-03-26 00:00:00,5140.686
2018-03-26 03:00:00,-2743.908
2018-03-26 06:00:00,-4299.146
2018-03-26 09:00:00,6848.485
2018-03-26 12:00:00,6558.653
2018-03-26 15:00:00,-54.49621
2018-03-26 18:00:00,1824.6085
2018-03-26 21:00:00,4692.2837
2018-03-27 00:00:00,6674.668
2018-03-27 03:00:00,5100.7686
2018-03-27 06:00:00,2158.9006
2018-03-27 09:00:00,5436.516
2018-03-27 12:00:00,7345.0776
2018-03-27 15:00:00,5606.083
2018-03-27 18:00:00,1949.101
2018-03-27 21:00:00,5825.8457
2018-03-28 00:00:00,8606.177
2018-03-28 03:00:00,6336.278
2018-03-28 06:00:00,5872.5273
2018-03-28 09:00:00,11246.526
2018-03-28 12:00:00,8384.666
2018-03-28 15:00:00,-274.82474
2018-03-28 18:00:00,-2826.8823
2018-03-28 21:00:00,-4005.557
2018-03-29 00:00:00,-1101.4696
2018-03-29 03:00:00,-1744.7517
2018-03-29 06:00:00,-1857.3517
2018-03-29 09:00:00,2156.0366
2018-03-29 12:00:00,1398.4435
2018-03-29 15:00:00,-1941.0521
2018-03-29 18:00:00,-3543.9395
2018-03-29 21:00:00,2808.3765
2018-03-30 00:00:00,-2050.3787
2018-03-30 03:00:00,-5990.892
2018-03-30 06:00:00,-6089.096
2018-03-30 09:00:00,66.67121
2018-03-30 12:00:00,-1896.7155
2018-03-30 15:00:00,-1928.1952
2018-03-30 18:00:00,-3624.6577
2018-03-30 21:00:00,-2528.8909
2018-03-31 00:00:00,-4729.618
2018-03-31 03:00:00,-4447.5605
2018-03-31 06:00:00,-4174.0107
2018-03-31 09:00:00,-2243.644
2018-03-31 12:00:00,-2146.2976
2018-03-31 15:00:00,-1862.1282
2018-03-31 18:00:00,-7050.4595
2018-03-31 21:00:00,-2077.6904
2018-04-01 00:00:00,2257.0063
2018-04-01 03:00:00,2870.891
2018-04-01 06:00:00,2690.625
2018-04-01 09:00:00,11009.561
2018-04-01 12:00:00,6726.7495
2018-04-01 15:00:00,5293.0977
2018-04-01 18:00:00,2846.0776
2018-04-01 21:00:00,4275.245
2018-04-02 00:00:00,9642.117
2018-04-02 03:00:00,-718.1864
2018-04-02 06:00:00,-127.66192
2018-04-02 09:00:00,8156.937
2018-04-02 12:00:00,4669.5796
2018-04-02 15:00:00,4068.2673
2018-04-02 18:00:00,5157.9844
2018-04-02 21:00:00,5299.41
2018-04-03 00:00:00,7488.411
2018-04-03 03:00:00,1235.9146
2018-04-03 06:00:00,-507.9129
2018-04-03 09:00:00,1875.878
2018-04-03 12:00:00,-3120.4368
2018-04-03 15:00:00,-3250.4858
2018-04-03 18:00:00,-4014.3088
2018-04-03 21:00:00,-560.3495
2018-04-04 00:00:00,2234.6426
2018-04-04 03:00:00,-135.91566
2018-04-04 06:00:00,-5043.5693
2018-04-04 09:00:00,617.9219
2018-04-04 12:00:00,2097.4358
2018-04-04 15:00:00,2444.1782
2018-04-04 18:00:00,220.10753
2018-04-04 21:00:00,679.5073
2018-04-05 00:00:00,2311.1375
2018-04-05 03:00:00,3949.3838
2018-04-05 06:00:00,2862.6353
2018-04-05 09:00:00,10058.155
2018-04-05 12:00:00,9270.68
2018-04-05 15:00:00,6897.975
2018-04-05 18:00:00,9296.457
2018-04-05 21:00:00,9450.322
2018-04-06 00:00:00,9594.209
2018-04-06 03:00:00,7585.8804
2018-04-06 06:00:00,7476.4126
2018-04-06 09:00:00,9144.902
2018-04-06 12:00:00,8538.979
2018-04-06 15:00:00,6430.7627
2018-04-06 18:00:00,6005.9844
2018-04-06 21:00:00,6673.3003
2018-04-07 00:00:00,13528.617
2018-04-07 03:00:00,6704.691
2018-04-07 06:00:00,5393.8145
2018-04-07 09:00:00,12074.501
2018-04-07 12:00:00,12996.522
2018-04-07 15:00:00,7610.32
2018-04-07 18:00:00,8020.281
2018-04-07 21:00:00,11377.361
2018-04-08 00:00:00,9709.066
2018-04-08 03:00:00,5580.426
2018-04-08 06:00:00,6004.778
2018-04-08 09:00:00,9977.922
2018-04-08 12:00:00,7841.523
2018-04-08 15:00:00,9692.546
2018-04-08 18:00:00,7575.1074
2018-04-08 21:00:00,9107.183
2018-04-09 00:00:00,8333.334
2018-04-09 03:00:00,6260.4736
2018-04-09 06:00:00,5569.8223
2018-04-09 09:00:00,6998.512
2018-04-09 12:00:00,12114.796
2018-04-09 15:00:00,9690.184
2018-04-09 18:00:00,8728.391
2018-04-09 21:00:00,9243.293
2018-04-10 00:00:00,9689.338
2018-04-10 03:00:00,6858.335
2018-04-10 06:00:00,7504.115
2018-04-10 09:00:00,9998.08
2018-04-10 12:00:00,12328.264
2018-04-10 15:00:00,12273.298
2018-04-10 18:00:00,13561.535
2018-04-10 21:00:00,13103.878
2018-04-11 00:00:00,10006.214
2018-04-11 03:00:00,6402.2114
2018-04-11 06:00:00,5178.5356
2018-04-11 09:00:00,7990.606
2018-04-11 12:00:00,10761.488
2018-04-11 15:00:00,11033.732
2018-04-11 18:00:00,10904.6045
2018-04-11 21:00:00,7725.208
2018-04-12 00:00:00,7169.4067
2018-04-12 03:00:00,4724.314
2018-04-12 06:00:00,3051.9888
2018-04-12 09:00:00,10069.103
2018-04-12 12:00:00,12924.762
2018-04-12 15:00:00,13351.645
2018-04-12 18:00:00,9271.761
2018-04-12 21:00:00,11753.556
2018-04-13 00:00:00,7709.4683
2018-04-13 03:00:00,1569.2466
2018-04-13 06:00:00,-508.72934
2018-04-13 09:00:00,1467.786
2018-04-13 12:00:00,4342.476
2018-04-13 15:00:00,2861.0652
2018-04-13 18:00:00,3494.146
2018-04-13 21:00:00,5125.0186
2018-04-14 00:00:00,7372.326
2018-04-14 03:00:00,1227.7161
2018-04-14 06:00:00,726.49854
2018-04-14 09:00:00,9020.342
2018-04-14 12:00:00,10482.504
2018-04-14 15:00:00,8721.674
2018-04-14 18:00:00,7113.278
2018-04-14 21:00:00,8119.2256
2018-04-15 00:00:00,10738.783
2018-04-15 03:00:00,2661.3733
2018-04-15 06:00:00,-1019.5422
2018-04-15 09:00:00,2960.4954
2018-04-15 12:00:00,1611.4929
2018-04-15 15:00:00,-823.86926
2018-04-15 18:00:00,-2000.1534
2018-04-15 21:00:00,1778.9697
2018-04-16 00:00:00,9029.951
2018-04-16 03:00:00,1140.0242
2018-04-16 06:00:00,-437.23837
2018-04-16 09:00:00,4076.978
2018-04-16 12:00:00,-620.49286
2018-04-16 15:00:00,-3103.764
2018-04-16 18:00:00,7067.6597
2018-04-16 21:00:00,7384.443
2018-04-17 00:00:00,10693.803
2018-04-17 03:00:00,7519.491
2018-04-17 06:00:00,5154.9775
2018-04-17 09:00:00,11051.478
2018-04-17 12:00:00,8916.996
2018-04-17 15:00:00,5981.8364
2018-04-17 18:00:00,8226.339
2018-04-17 21:00:00,8267.325
2018-04-18 00:00:00,8917.419
2018-04-18 03:00:00,7141.616
2018-04-18 06:00:00,7360.263
2018-04-18 09:00:00,9126.037
2018-04-18 12:00:00,8230.631
2018-04-18 15:00:00,6428.9155
2018-04-18 18:00:00,6116.219
2018-04-18 21:00:00,7877.0464
2018-04-19 00:00:00,8394.472
2018-04-19 03:00:00,6781.5005
2018-04-19 06:00:00,7951.51
2018-04-19 09:00:00,6828.7905
2018-04-19 12:00:00,7931.002
2018-04-19 15:00:00,6258.8237
2018-04-19 18:00:00,4841.842
2018-04-19 21:00:00,8367.102
2018-04-20 00:00:00,7400.1504
2018-04-20 03:00:00,3184.9075
2018-04-20 06:00:00,1085.8567
2018-04-20 09:00:00,2215.7844
2018-04-20 12:00:00,5492.7817
2018-04-20 15:00:00,6240.4897
2018-04-20 18:00:00,4818.6387
2018-04-20 21:00:00,4999.158
2018-04-21 00:00:00,8056.498
2018-04-21 03:00:00,3803.6074
2018-04-21 06:00:00,1653.231
2018-04-21 09:00:00,5427.775
2018-04-21 12:00:00,8947.72
2018-04-21 15:00:00,7337.2964
2018-04-21 18:00:00,6336.2085
2018-04-21 21:00:00,7115.062
2018-04-22 00:00:00,8924.332
2018-04-22 03:00:00,3061.3115
2018-04-22 06:00:00,3967.3975
2018-04-22 09:00:00,8517.262
2018-04-22 12:00:00,10825.41
2018-04-22 15:00:00,8687.939
2018-04-22 18:00:00,7226.2397
2018-04-22 21:00:00,7859.9385
2018-04-23 00:00:00,7611.723
2018-04-23 03:00:00,4110.0303
2018-04-23 06:00:00,3488.3845
2018-04-23 09:00:00,6166.695
2018-04-23 12:00:00,6893.169
2018-04-23 15:00:00,6889.201
2018-04-23 18:00:00,8032.785
2018-04-23 21:00:00,8672.645
2018-04-24 00:00:00,13826.0625
2018-04-24 03:00:00,5062.8394
2018-04-24 06:00:00,3511.4321
2018-04-24 09:00:00,8313.178
2018-04-24 12:00:00,8430.565
2018-04-24 15:00:00,8537.547
2018-04-24 18:00:00,7559.8657
2018-04-24 21:00:00,9528.754
2018-04-25 00:00:00,9173.638
2018-04-25 03:00:00,5009.9077
2018-04-25 06:00:00,4569.7974
2018-04-25 09:00:00,6764.067
2018-04-25 12:00:00,3636.2266
2018-04-25 15:00:00,1766.7157
2018-04-25 18:00:00,2647.4497
2018-04-25 21:00:00,6564.379
2018-04-26 00:00:00,9409.223
2018-04-26 03:00:00,4521.808
2018-04-26 06:00:00,4819.8916
2018-04-26 09:00:00,7083.2354
2018-04-26 12:00:00,7128.468
2018-04-26 15:00:00,1423.0226
2018-04-26 18:00:00,1941.363
2018-04-26 21:00:00,7728.4272
2018-04-27 00:00:00,5539.5107
2018-04-27 03:00:00,2545.3704
2018-04-27 06:00:00,714.9982
2018-04-27 09:00:00,3470.794
2018-04-27 12:00:00,5192.6816
2018-04-27 15:00:00,1293.0875
2018-04-27 18:00:00,1372.6388
2018-04-27 21:00:00,2770.8108
2018-04-28 00:00:00,2590.5947
2018-04-28 03:00:00,2994.6943
2018-04-28 06:00:00,328.24353
2018-04-28 09:00:00,5798.04
2018-04-28 12:00:00,2948.264
2018-04-28 15:00:00,4601.0864
2018-04-28 18:00:00,1549.2411
2018-04-28 21:00:00,3106.4995
2018-04-29 00:00:00,5948.7017
2018-04-29 03:00:00,1781.8663
2018-04-29 06:00:00,-1242.7727
2018-04-29 09:00:00,-597.20996
2018-04-29 12:00:00,1597.6315
2018-04-29 15:00:00,-1685.4652
2018-04-29 18:00:00,-5617.5703
2018-04-29 21:00:00,-1144.2189
2018-04-30 00:00:00,2138.2485
2018-04-30 03:00:00,-2658.237
2018-04-30 06:00:00,-3129.6104
2018-04-30 09:00:00,975.1495
2018-04-30 12:00:00,3235.025
2018-04-30 15:00:00,-951.0336
2018-04-30 18:00:00,1861.5128
2018-04-30 21:00:00,-231.60991
2018-05-01 00:00:00,4209.512
2018-05-01 03:00:00,-3663.1848
2018-05-01 06:00:00,-2720.6672
2018-05-01 09:00:00,5637.965
2018-05-01 12:00:00,2608.4766
2018-05-01 15:00:00,-1433.3132
2018-05-01 18:00:00,3398.9797
2018-05-01 21:00:00,5808.4033
2018-05-02 00:00:00,7586.2393
2018-05-02 03:00:00,1869.257
2018-05-02 06:00:00,1277.1195
2018-05-02 09:00:00,8173.2334
2018-05-02 12:00:00,6526.6777
2018-05-02 15:00:00,6461.546
2018-05-02 18:00:00,5748.0176
2018-05-02 21:00:00,6591.913
2018-05-03 00:00:00,5097.2524
2018-05-03 03:00:00,-1257.6752
2018-05-03 06:00:00,-4734.758
2018-05-03 09:00:00,-1848.9349
2018-05-03 12:00:00,-3270.9062
2018-05-03 15:00:00,-3006.22
2018-05-03 18:00:00,578.4207
2018-05-03 21:00:00,1930.0052
2018-05-04 00:00:00,1799.9248
2018-05-04 03:00:00,-1728.3031
2018-05-04 06:00:00,-2907.1467
2018-05-04 09:00:00,1225.7195
2018-05-04 12:00:00,-1337.2766
2018-05-04 15:00:00,-1050.6853
2018-05-04 18:00:00,-1400.8912
2018-05-04 21:00:00,2952.8948
2018-05-05 00:00:00,6609.101
2018-05-05 03:00:00,1439.4501
2018-05-05 06:00:00,468.18945
2018-05-05 09:00:00,4690.636
2018-05-05 12:00:00,7600.9375
2018-05-05 15:00:00,7161.672
2018-05-05 18:00:00,5758.3516
2018-05-05 21:00:00,7805.6543
2018-05-06 00:00:00,11117.059
2018-05-06 03:00:00,10145.616
2018-05-06 06:00:00,8614.121
2018-05-06 09:00:00,11427.929
2018-05-06 12:00:00,12501.1875
2018-05-06 15:00:00,8431.115
2018-05-06 18:00:00,9431.886
2018-05-06 21:00:00,8865.521
2018-05-07 00:00:00,9822.9375
2018-05-07 03:00:00,6980.314
2018-05-07 06:00:00,6897.359
2018-05-07 09:00:00,10795.634
2018-05-07 12:00:00,10101.885
2018-05-07 15:00:00,8825.696
2018-05-07 18:00:00,7972.4775
2018-05-07 21:00:00,9635.914
2018-05-08 00:00:00,8674.664
2018-05-08 03:00:00,7528.2153
2018-05-08 06:00:00,5759.1934
2018-05-08 09:00:00,5724.7515
2018-05-08 12:00:00,8237.461
2018-05-08 15:00:00,12054.321
2018-05-08 18:00:00,7224.445
2018-05-08 21:00:00,10467.451
2018-05-09 00:00:00,7934.637
2018-05-09 03:00:00,6776.474
2018-05-09 06:00:00,8012.1567
2018-05-09 09:00:00,9834.093
2018-05-09 12:00:00,10455.209
2018-05-09 15:00:00,9213.487
2018-05-09 18:00:00,12532.16
2018-05-09 21:00:00,13694.859
2018-05-10 00:00:00,8239.582
2018-05-10 03:00:00,5183.4214
2018-05-10 06:00:00,6609.0903
2018-05-10 09:00:00,6714.815
2018-05-10 12:00:00,8964.616
2018-05-10 15:00:00,9350.565
2018-05-10 18:00:00,12705.488
2018-05-10 21:00:00,14615.45
2018-05-11 00:00:00,11864.786
2018-05-11 03:00:00,8793.311
2018-05-11 06:00:00,10218.756
2018-05-11 09:00:00,12002.48
2018-05-11 12:00:00,11843.232
2018-05-11 15:00:00,12373.379
2018-05-11 18:00:00,9868.405
2018-05-11 21:00:00,12383.78
2018-05-12 00:00:00,10746.46
2018-05-12 03:00:00,11461.316
2018-05-12 06:00:00,10448.783
2018-05-12 09:00:00,10378.1
2018-05-12 12:00:00,12620.383
2018-05-12 15:00:00,11803.027
2018-05-12 18:00:00,9371.505
2018-05-12 21:00:00,10554.045
2018-05-13 00:00:00,6359.82
2018-05-13 03:00:00,-3024.7983
2018-05-13 06:00:00,-1675.9464
2018-05-13 09:00:00,5363.1016
2018-05-13 12:00:00,5748.9414
2018-05-13 15:00:00,-444.4383
2018-05-13 18:00:00,-3159.2087
2018-05-13 21:00:00,7415.1084
2018-05-14 00:00:00,6679.429
2018-05-14 03:00:00,3384.8433
2018-05-14 06:00:00,2626.2437
2018-05-14 09:00:00,4026.132
2018-05-14 12:00:00,-71.53387
2018-05-14 15:00:00,-2312.754
2018-05-14 18:00:00,-394.95407
2018-05-14 21:00:00,8223.113
2018-05-15 00:00:00,6921.0938
2018-05-15 03:00:00,5301.821
2018-05-15 06:00:00,4307.735
2018-05-15 09:00:00,4688.1333
2018-05-15 12:00:00,4525.1636
2018-05-15 15:00:00,918.9189
2018-05-15 18:00:00,-1291.5847
2018-05-15 21:00:00,7913.817
2018-05-16 00:00:00,9969.371
2018-05-16 03:00:00,4858.002
2018-05-16 06:00:00,4181.8535
2018-05-16 09:00:00,5151.626
2018-05-16 12:00:00,7007.695
2018-05-16 15:00:00,2352.0518
2018-05-16 18:00:00,-751.0109
2018-05-16 21:00:00,7426.6533
2018-05-17 00:00:00,7801.055
2018-05-17 03:00:00,9628.87
2018-05-17 06:00:00,7777.2144
2018-05-17 09:00:00,6585.5825
2018-05-17 12:00:00,8728.971
2018-05-17 15:00:00,1530.197
2018-05-17 18:00:00,5592.426
2018-05-17 21:00:00,7707.1343
2018-05-18 00:00:00,10384.132
2018-05-18 03:00:00,6115.33
2018-05-18 06:00:00,4306.2324
2018-05-18 09:00:00,7533.853
2018-05-18 12:00:00,8152.954
2018-05-18 15:00:00,7778.2114
2018-05-18 18:00:00,10862.486
2018-05-18 21:00:00,11842.449
2018-05-19 00:00:00,9029.89
2018-05-19 03:00:00,6758.5474
2018-05-19 06:00:00,6472.366
2018-05-19 09:00:00,8846.253
2018-05-19 12:00:00,7970.4204
2018-05-19 15:00:00,8495.423
2018-05-19 18:00:00,10145.177
2018-05-19 21:00:00,10630.981
2018-05-20 00:00:00,11326.133
2018-05-20 03:00:00,6596.968
2018-05-20 06:00:00,3828.317
2018-05-20 09:00:00,7560.7866
2018-05-20 12:00:00,5491.1265
2018-05-20 15:00:00,2865.2673
2018-05-20 18:00:00,5453.6636
2018-05-20 21:00:00,5495.213
2018-05-21 00:00:00,6966.171
2018-05-21 03:00:00,4412.5386
2018-05-21 06:00:00,2786.248
2018-05-21 09:00:00,6001.1836
2018-05-21 12:00:00,3131.0247
2018-05-21 15:00:00,6507.19
2018-05-21 18:00:00,4917.627
2018-05-21 21:00:00,7528.453
2018-05-22 00:00:00,8803.977
2018-05-22 03:00:00,1886.4144
2018-05-22 06:00:00,2598.2341
2018-05-22 09:00:00,5140.437
2018-05-22 12:00:00,7102.9854
2018-05-22 15:00:00,5621.01
2018-05-22 18:00:00,5998.508
2018-05-22 21:00:00,8215.913
2018-05-23 00:00:00,8601.511
2018-05-23 03:00:00,5139.8564
2018-05-23 06:00:00,4346.772
2018-05-23 09:00:00,7538.0303
2018-05-23 12:00:00,8937.343
2018-05-23 15:00:00,8235.186
2018-05-23 18:00:00,5837.1255
2018-05-23 21:00:00,4575.1064
2018-05-24 00:00:00,10628.016
2018-05-24 03:00:00,5961.013
2018-05-24 06:00:00,4534.1084
2018-05-24 09:00:00,7233.343
2018-05-24 12:00:00,10539.6875
2018-05-24 15:00:00,8421.761
2018-05-24 18:00:00,8122.5
2018-05-24 21:00:00,7509.677
2018-05-25 00:00:00,8311.439
2018-05-25 03:00:00,5407.972
2018-05-25 06:00:00,3629.5188
2018-05-25 09:00:00,5119.1274
2018-05-25 12:00:00,10781.722
2018-05-25 15:00:00,5359.039
2018-05-25 18:00:00,6412.648
2018-05-25 21:00:00,5996.302
2018-05-26 00:00:00,3323.7473
2018-05-26 03:00:00,3231.0193
2018-05-26 06:00:00,1341.5986
2018-05-26 09:00:00,8616.229
2018-05-26 12:00:00,4200.344
2018-05-26 15:00:00,6034.7393
2018-05-26 18:00:00,6500.107
2018-05-26 21:00:00,7168.246
2018-05-27 00:00:00,5194.347
2018-05-27 03:00:00,702.16046
2018-05-27 06:00:00,1855.6138
2018-05-27 09:00:00,7583.371
2018-05-27 12:00:00,6541.136
2018-05-27 15:00:00,6282.285
2018-05-27 18:00:00,5158.0835
2018-05-27 21:00:00,4407.811
2018-05-28 00:00:00,6767.4526
2018-05-28 03:00:00,4124.711
2018-05-28 06:00:00,8577.698
2018-05-28 09:00:00,7712.4243
2018-05-28 12:00:00,9064.944
2018-05-28 15:00:00,8071.088
2018-05-28 18:00:00,8518.395
2018-05-28 21:00:00,3892.2112
2018-05-29 00:00:00,13446.493
2018-05-29 03:00:00,3118.5425
2018-05-29 06:00:00,3796.275
2018-05-29 09:00:00,6949.313
2018-05-29 12:00:00,6961.0566
2018-05-29 15:00:00,5130.9033
2018-05-29 18:00:00,6705.2314
2018-05-29 21:00:00,7238.5654
2018-05-30 00:00:00,7743.465
2018-05-30 03:00:00,2700.7065
2018-05-30 06:00:00,133.66019
2018-05-30 09:00:00,5658.372
2018-05-30 12:00:00,3968.4539
2018-05-30 15:00:00,282.70557
2018-05-30 18:00:00,4127.435
2018-05-30 21:00:00,3969.7507
2018-05-31 00:00:00,4834.104
2018-05-31 03:00:00,3152.2036
2018-05-31 06:00:00,5154.3667
2018-05-31 09:00:00,10185.829
2018-05-31 12:00:00,9916.389
2018-05-31 15:00:00,9787.041
2018-05-31 18:00:00,9117.9
2018-05-31 21:00:00,7982.9785
2018-06-01 00:00:00,13255.601
2018-06-01 03:00:00,327.91602
2018-06-01 06:00:00,302.7335
2018-06-01 09:00:00,7922.887
2018-06-01 12:00:00,5768.0933
2018-06-01 15:00:00,6192.304
2018-06-01 18:00:00,3543.8198
2018-06-01 21:00:00,7166.643
2018-06-02 00:00:00,12717.226
2018-06-02 03:00:00,2524.91
2018-06-02 06:00:00,193.65727
2018-06-02 09:00:00,6868.426
2018-06-02 12:00:00,8630.68
2018-06-02 15:00:00,6360.684
2018-06-02 18:00:00,6662.543
2018-06-02 21:00:00,6894.8403
2018-06-03 00:00:00,8856.62
2018-06-03 03:00:00,1306.5109
2018-06-03 06:00:00,3553.8125
2018-06-03 09:00:00,4537.8853
2018-06-03 12:00:00,1847.1534
2018-06-03 15:00:00,1600.5854
2018-06-03 18:00:00,1538.2637
2018-06-03 21:00:00,2970.131
2018-06-04 00:00:00,4360.7925
2018-06-04 03:00:00,-1121.5284
2018-06-04 06:00:00,-242.0505
2018-06-04 09:00:00,690.36304
2018-06-04 12:00:00,289.79175
2018-06-04 15:00:00,642.195
2018-06-04 18:00:00,446.713
2018-06-04 21:00:00,1842.7645
2018-06-05 00:00:00,1237.09
2018-06-05 03:00:00,1747.6105
2018-06-05 06:00:00,-435.22116
2018-06-05 09:00:00,5755.6597
2018-06-05 12:00:00,6291.4004
2018-06-05 15:00:00,4215.0317
2018-06-05 18:00:00,1799.8677
2018-06-05 21:00:00,4721.991
2018-06-06 00:00:00,8215.221
2018-06-06 03:00:00,4754.4126
2018-06-06 06:00:00,3308.123
2018-06-06 09:00:00,5037.609
2018-06-06 12:00:00,8404.5
2018-06-06 15:00:00,7866.4614
2018-06-06 18:00:00,8495.844
2018-06-06 21:00:00,10170.756
2018-06-07 00:00:00,13601.883
2018-06-07 03:00:00,6852.925
2018-06-07 06:00:00,5911.43
2018-06-07 09:00:00,12189.445
2018-06-07 12:00:00,12549.232
2018-06-07 15:00:00,11729.439
2018-06-07 18:00:00,9573.543
2018-06-07 21:00:00,11734.081
2018-06-08 00:00:00,12015.186
2018-06-08 03:00:00,8152.039
2018-06-08 06:00:00,4917.919
2018-06-08 09:00:00,8519.111
2018-06-08 12:00:00,9416.588
2018-06-08 15:00:00,10718.412
2018-06-08 18:00:00,9506.035
2018-06-08 21:00:00,11557.724
2018-06-09 00:00:00,10655.672
2018-06-09 03:00:00,5304.6943
2018-06-09 06:00:00,7772.648
2018-06-09 09:00:00,6956.553
2018-06-09 12:00:00,11634.758
2018-06-09 15:00:00,10529.713
2018-06-09 18:00:00,8257.642
2018-06-09 21:00:00,10761.917
2018-06-10 00:00:00,11556.544
2018-06-10 03:00:00,5686.564
2018-06-10 06:00:00,7281.288
2018-06-10 09:00:00,7829.5645
2018-06-10 12:00:00,10288.008
2018-06-10 15:00:00,7959.6523
2018-06-10 18:00:00,9540.626
2018-06-10 21:00:00,12216.439
2018-06-11 00:00:00,8597.76
2018-06-11 03:00:00,4706.5557
2018-06-11 06:00:00,5653.683
2018-06-11 09:00:00,5730.4814
2018-06-11 12:00:00,8365.819
2018-06-11 15:00:00,5164.807
2018-06-11 18:00:00,5142.3613
2018-06-11 21:00:00,9098.797
2018-06-12 00:00:00,5485.6743
2018-06-12 03:00:00,5155.03
2018-06-12 06:00:00,6448.2744
2018-06-12 09:00:00,7451.269
2018-06-12 12:00:00,9525.051
2018-06-12 15:00:00,9259.209
2018-06-12 18:00:00,7992.5337
2018-06-12 21:00:00,9463.049
2018-06-13 00:00:00,6754.154
2018-06-13 03:00:00,1673.9762
2018-06-13 06:00:00,369.22546
2018-06-13 09:00:00,1545.5807
2018-06-13 12:00:00,5968.349
2018-06-13 15:00:00,4118.2207
2018-06-13 18:00:00,6352.3623
2018-06-13 21:00:00,3579.6592
2018-06-14 00:00:00,5812.833
2018-06-14 03:00:00,1534.3481
2018-06-14 06:00:00,1104.0034
2018-06-14 09:00:00,5723.4736
2018-06-14 12:00:00,6118.9775
2018-06-14 15:00:00,6914.8745
2018-06-14 18:00:00,5542.5557
2018-06-14 21:00:00,7725.353
2018-06-15 00:00:00,9124.747
2018-06-15 03:00:00,4652.5586
2018-06-15 06:00:00,3709.2751
2018-06-15 09:00:00,6677.3115
2018-06-15 12:00:00,8842.411
2018-06-15 15:00:00,7207.51
2018-06-15 18:00:00,5932.8716
2018-06-15 21:00:00,8558.646
2018-06-16 00:00:00,12060.434
2018-06-16 03:00:00,7726.892
2018-06-16 06:00:00,4588.753
2018-06-16 09:00:00,9700.62
2018-06-16 12:00:00,10938.899
2018-06-16 15:00:00,10637.381
2018-06-16 18:00:00,6147.4473
2018-06-16 21:00:00,6846.273
2018-06-17 00:00:00,11027.571
2018-06-17 03:00:00,5443.871
2018-06-17 06:00:00,4407.0176
2018-06-17 09:00:00,9676.101
2018-06-17 12:00:00,9189.702
2018-06-17 15:00:00,8811.465
2018-06-17 18:00:00,10006.837
2018-06-17 21:00:00,8656.565
2018-06-18 00:00:00,9334.149
2018-06-18 03:00:00,4903.2876
2018-06-18 06:00:00,6786.527
2018-06-18 09:00:00,9489.415
2018-06-18 12:00:00,9915.879
2018-06-18 15:00:00,9639.973
2018-06-18 18:00:00,8990.098
2018-06-18 21:00:00,10538.212
2018-06-19 00:00:00,10424.779
2018-06-19 03:00:00,6948.572
2018-06-19 06:00:00,5939.1504
2018-06-19 09:00:00,8803.73
2018-06-19 12:00:00,8181.1245
2018-06-19 15:00:00,8824.371
2018-06-19 18:00:00,11618.001
2018-06-19 21:00:00,12094.248
2018-06-20 00:00:00,12303.5205
2018-06-20 03:00:00,7060.924
2018-06-20 06:00:00,6837.5845
2018-06-20 09:00:00,11280.774
2018-06-20 12:00:00,10462.917
2018-06-20 15:00:00,12367.253
2018-06-20 18:00:00,11995.719
2018-06-20 21:00:00,14279.743
2018-06-21 00:00:00,17160.373
2018-06-21 03:00:00,9378.849
2018-06-21 06:00:00,7840.772
2018-06-21 09:00:00,10037.83
2018-06-21 12:00:00,12490.889
2018-06-21 15:00:00,12749.897
2018-06-21 18:00:00,11401.525
2018-06-21 21:00:00,13997.749
2018-06-22 00:00:00,12720.817
2018-06-22 03:00:00,9285.51
2018-06-22 06:00:00,9516.078
2018-06-22 09:00:00,8394.139
2018-06-22 12:00:00,10002.947
2018-06-22 15:00:00,9722.044
2018-06-22 18:00:00,11210.416
2018-06-22 21:00:00,13227.993
2018-06-23 00:00:00,9047.521
2018-06-23 03:00:00,6705.564
2018-06-23 06:00:00,6493.2534
2018-06-23 09:00:00,7116.5205
2018-06-23 12:00:00,11091.121
2018-06-23 15:00:00,11411.152
2018-06-23 18:00:00,11041.141
2018-06-23 21:00:00,12217.264
2018-06-24 00:00:00,10462.082
2018-06-24 03:00:00,8218.805
2018-06-24 06:00:00,6596.7095
2018-06-24 09:00:00,9827.247
2018-06-24 12:00:00,11956.384
2018-06-24 15:00:00,10845.698
2018-06-24 18:00:00,13182.868
2018-06-24 21:00:00,12468.388
2018-06-25 00:00:00,14569.456
2018-06-25 03:00:00,7472.353
2018-06-25 06:00:00,7461.7456
2018-06-25 09:00:00,9681.924
2018-06-25 12:00:00,12018.527
2018-06-25 15:00:00,10800.474
2018-06-25 18:00:00,11026.367
2018-06-25 21:00:00,11868.548
2018-06-26 00:00:00,12025.556
2018-06-26 03:00:00,8391.71
2018-06-26 06:00:00,7930.3164
2018-06-26 09:00:00,10778.815
2018-06-26 12:00:00,12909.794
2018-06-26 15:00:00,12043.081
2018-06-26 18:00:00,12136.311
2018-06-26 21:00:00,12911.907
2018-06-27 00:00:00,14288.796
2018-06-27 03:00:00,8325.902
2018-06-27 06:00:00,7435.5366
2018-06-27 09:00:00,12331.805
2018-06-27 12:00:00,12833.775
2018-06-27 15:00:00,11409.902
2018-06-27 18:00:00,7261.2065
2018-06-27 21:00:00,7764.031
2018-06-28 00:00:00,9539.703
2018-06-28 03:00:00,6967.0273
2018-06-28 06:00:00,5768.344
2018-06-28 09:00:00,6943.861
2018-06-28 12:00:00,9420.537
2018-06-28 15:00:00,10328.789
2018-06-28 18:00:00,9379.722
2018-06-28 21:00:00,12755.79
2018-06-29 00:00:00,12321.606
2018-06-29 03:00:00,5596.972
2018-06-29 06:00:00,5334.8545
2018-06-29 09:00:00,9660.0205
2018-06-29 12:00:00,10862.2295
2018-06-29 15:00:00,12242.994
2018-06-29 18:00:00,10217.093
2018-06-29 21:00:00,8183.1514
2018-06-30 00:00:00,11036.133
2018-06-30 03:00:00,7149.5474
2018-06-30 06:00:00,4503.42
2018-06-30 09:00:00,5580.4155
2018-06-30 12:00:00,10359.478
2018-06-30 15:00:00,9126.157
2018-06-30 18:00:00,8964.611
2018-06-30 21:00:00,9359.619
2018-07-01 00:00:00,6438.4126
2018-07-01 03:00:00,1634.6005
2018-07-01 06:00:00,-3762.3037
2018-07-01 09:00:00,571.56335
2018-07-01 12:00:00,-1468.7314
2018-07-01 15:00:00,2184.445
2018-07-01 18:00:00,-1442.0466
2018-07-01 21:00:00,3839.1995
2018-07-02 00:00:00,2303.3643
2018-07-02 03:00:00,-665.52844
2018-07-02 06:00:00,-3007.388
2018-07-02 09:00:00,-316.68283
2018-07-02 12:00:00,2941.4138
2018-07-02 15:00:00,1382.5868
2018-07-02 18:00:00,2270.7708
2018-07-02 21:00:00,3941.3708
2018-07-03 00:00:00,3930.7424
2018-07-03 03:00:00,59.804943
2018-07-03 06:00:00,-3595.9805
2018-07-03 09:00:00,3507.6592
2018-07-03 12:00:00,3931.7617
2018-07-03 15:00:00,-2193.2058
2018-07-03 18:00:00,645.7046
2018-07-03 21:00:00,2054.429
2018-07-04 00:00:00,4724.763
2018-07-04 03:00:00,2230.066
2018-07-04 06:00:00,168.90172
2018-07-04 09:00:00,3884.1533
2018-07-04 12:00:00,4870.6226
2018-07-04 15:00:00,527.98334
2018-07-04 18:00:00,-2791.371
2018-07-04 21:00:00,-1403.4729
2018-07-05 00:00:00,4090.974
2018-07-05 03:00:00,-1229.7635
2018-07-05 06:00:00,3553.1458
2018-07-05 09:00:00,6243.5986
2018-07-05 12:00:00,3466.508
2018-07-05 15:00:00,3244.6719
2018-07-05 18:00:00,3817.2712
2018-07-05 21:00:00,7845.6245
2018-07-06 00:00:00,11108.539
2018-07-06 03:00:00,11283.906
2018-07-06 06:00:00,10121.979
2018-07-06 09:00:00,10922.926
2018-07-06 12:00:00,10224.121
2018-07-06 15:00:00,13307.905
2018-07-06 18:00:00,13410.567
2018-07-06 21:00:00,9514.696
2018-07-07 00:00:00,10415.628
2018-07-07 03:00:00,12659.635
2018-07-07 06:00:00,10721.204
2018-07-07 09:00:00,15538.149
2018-07-07 12:00:00,11520.172
2018-07-07 15:00:00,14774.456
2018-07-07 18:00:00,15070.392
2018-07-07 21:00:00,16639.822
2018-07-08 00:00:00,14606.575
2018-07-08 03:00:00,11625.966
2018-07-08 06:00:00,10903.854
2018-07-08 09:00:00,13909.258
2018-07-08 12:00:00,12659.977
2018-07-08 15:00:00,12458.873
2018-07-08 18:00:00,12168.572
2018-07-08 21:00:00,13723.146
2018-07-09 00:00:00,15325.588
2018-07-09 03:00:00,11165.992
2018-07-09 06:00:00,11536.676
2018-07-09 09:00:00,12370.831
2018-07-09 12:00:00,16887.8
2018-07-09 15:00:00,12915.704
2018-07-09 18:00:00,10285.967
2018-07-09 21:00:00,16177.618
2018-07-10 00:00:00,13022.107
2018-07-10 03:00:00,12166.664
2018-07-10 06:00:00,11112.682
2018-07-10 09:00:00,13545.43
2018-07-10 12:00:00,15292.651
2018-07-10 15:00:00,7342.6987
2018-07-10 18:00:00,9508.974
2018-07-10 21:00:00,10795.626
2018-07-11 00:00:00,10960.794
2018-07-11 03:00:00,8143.347
2018-07-11 06:00:00,6037.022
2018-07-11 09:00:00,9622.435
2018-07-11 12:00:00,12479.524
2018-07-11 15:00:00,12094.646
2018-07-11 18:00:00,13267.543
2018-07-11 21:00:00,12771.227
2018-07-12 00:00:00,13647.524
2018-07-12 03:00:00,10457.609
2018-07-12 06:00:00,5353.911
2018-07-12 09:00:00,9045.986
2018-07-12 12:00:00,12981.169
2018-07-12 15:00:00,13462.213
2018-07-12 18:00:00,15896.759
2018-07-12 21:00:00,15797.466
2018-07-13 00:00:00,13080.059
2018-07-13 03:00:00,9337.412
2018-07-13 06:00:00,9011.98
2018-07-13 09:00:00,9578.94
2018-07-13 12:00:00,13187.237
2018-07-13 15:00:00,15004.556
2018-07-13 18:00:00,13599.563
2018-07-13 21:00:00,16221.255
2018-07-14 00:00:00,15530.618
2018-07-14 03:00:00,10540.643
2018-07-14 06:00:00,9487.373
2018-07-14 09:00:00,14316.795
2018-07-14 12:00:00,14792.531
2018-07-14 15:00:00,14282.829
2018-07-14 18:00:00,11189.141
2018-07-14 21:00:00,15285.761
2018-07-15 00:00:00,12216.099
2018-07-15 03:00:00,10645.483
2018-07-15 06:00:00,4983.1953
2018-07-15 09:00:00,12474.063
2018-07-15 12:00:00,13080.932
2018-07-15 15:00:00,7663.1895
2018-07-15 18:00:00,7837.13
2018-07-15 21:00:00,8441.122
2018-07-16 00:00:00,9183.695
2018-07-16 03:00:00,4307.0444
2018-07-16 06:00:00,-3598.175
2018-07-16 09:00:00,4950.9614
2018-07-16 12:00:00,4935.604
2018-07-16 15:00:00,3607.94
2018-07-16 18:00:00,7481.8076
2018-07-16 21:00:00,3977.2407
2018-07-17 00:00:00,11603.723
2018-07-17 03:00:00,8240.9795
2018-07-17 06:00:00,9076.505
2018-07-17 09:00:00,12063.1045
2018-07-17 12:00:00,11718.886
2018-07-17 15:00:00,13846.915
2018-07-17 18:00:00,12428.567
2018-07-17 21:00:00,12485.498
2018-07-18 00:00:00,13556.33
2018-07-18 03:00:00,9897.579
2018-07-18 06:00:00,8487.311
2018-07-18 09:00:00,12178.063
2018-07-18 12:00:00,13713.762
2018-07-18 15:00:00,9966.545
2018-07-18 18:00:00,8913.695
2018-07-18 21:00:00,13119.59
2018-07-19 00:00:00,13496.756
2018-07-19 03:00:00,11711.499
2018-07-19 06:00:00,8197.508
2018-07-19 09:00:00,14997.122
2018-07-19 12:00:00,14711.461
2018-07-19 15:00:00,10425.375
2018-07-19 18:00:00,10474.462
2018-07-19 21:00:00,8943.898
2018-07-20 00:00:00,10132.873
2018-07-20 03:00:00,6941.208
2018-07-20 06:00:00,7660.293
2018-07-20 09:00:00,9009.362
2018-07-20 12:00:00,9176.49
2018-07-20 15:00:00,9204.52
2018-07-20 18:00:00,10644.305
2018-07-20 21:00:00,9282.363
2018-07-21 00:00:00,8722.236
2018-07-21 03:00:00,7429.1694
2018-07-21 06:00:00,5856.6455
2018-07-21 09:00:00,9396.526
2018-07-21 12:00:00,8311.357
2018-07-21 15:00:00,10160.294
2018-07-21 18:00:00,11004.184
2018-07-21 21:00:00,9660.421
2018-07-22 00:00:00,10996.977
2018-07-22 03:00:00,7783.2163
2018-07-22 06:00:00,5483.3223
2018-07-22 09:00:00,10905.294
2018-07-22 12:00:00,12228.779
2018-07-22 15:00:00,9104.157
2018-07-22 18:00:00,11329.343
2018-07-22 21:00:00,13526.104
2018-07-23 00:00:00,13304.505
2018-07-23 03:00:00,10384.605
2018-07-23 06:00:00,9544.029
2018-07-23 09:00:00,12132.569
2018-07-23 12:00:00,14083.295
2018-07-23 15:00:00,11141.394
2018-07-23 18:00:00,9437.888
2018-07-23 21:00:00,9267.937
2018-07-24 00:00:00,9589.83
2018-07-24 03:00:00,7296.4844
2018-07-24 06:00:00,7889.5103
2018-07-24 09:00:00,12556.819
2018-07-24 12:00:00,10768.806
2018-07-24 15:00:00,11855.004
2018-07-24 18:00:00,8622.133
2018-07-24 21:00:00,9956.738
2018-07-25 00:00:00,10065.629
2018-07-25 03:00:00,6652.2
2018-07-25 06:00:00,6508.543
2018-07-25 09:00:00,11782.01
2018-07-25 12:00:00,13870.465
2018-07-25 15:00:00,10470.653
2018-07-25 18:00:00,12096.449
2018-07-25 21:00:00,12601.975
2018-07-26 00:00:00,9394.236
2018-07-26 03:00:00,8267.35
2018-07-26 06:00:00,7983.4595
2018-07-26 09:00:00,11081.454
2018-07-26 12:00:00,10731.799
2018-07-26 15:00:00,12411.918
2018-07-26 18:00:00,10765.541
2018-07-26 21:00:00,9004.324
2018-07-27 00:00:00,10033.572
2018-07-27 03:00:00,6059.9253
2018-07-27 06:00:00,7435.623
2018-07-27 09:00:00,12073.486
2018-07-27 12:00:00,11166.733
2018-07-27 15:00:00,10643.321
2018-07-27 18:00:00,11495.396
2018-07-27 21:00:00,9157.268
2018-07-28 00:00:00,10862.904
2018-07-28 03:00:00,10083.481
2018-07-28 06:00:00,7240.0874
2018-07-28 09:00:00,10307.123
2018-07-28 12:00:00,10453.83
2018-07-28 15:00:00,10827.299
2018-07-28 18:00:00,8887.248
2018-07-28 21:00:00,11139.036
2018-07-29 00:00:00,11616.654
2018-07-29 03:00:00,7112.0312
2018-07-29 06:00:00,7611.086
2018-07-29 09:00:00,8140.1294
2018-07-29 12:00:00,9596.0625
2018-07-29 15:00:00,11778.584
2018-07-29 18:00:00,12334.12
2018-07-29 21:00:00,12348.866
2018-07-30 00:00:00,11234.777
2018-07-30 03:00:00,7993.1465
2018-07-30 06:00:00,6470.474
2018-07-30 09:00:00,12651.727
2018-07-30 12:00:00,13828.979
2018-07-30 15:00:00,12036.537
2018-07-30 18:00:00,10381.6875
2018-07-30 21:00:00,16497.768
2018-07-31 00:00:00,12272.422
2018-07-31 03:00:00,8575.221
2018-07-31 06:00:00,7384.86
2018-07-31 09:00:00,14028.968
2018-07-31 12:00:00,13262.208
2018-07-31 15:00:00,15528.14
2018-07-31 18:00:00,9312.58
2018-07-31 21:00:00,17729.008
2018-08-01 00:00:00,8023.501
2018-08-01 03:00:00,1048.9869
2018-08-01 06:00:00,-1555.4431
2018-08-01 09:00:00,4484.5166
2018-08-01 12:00:00,8361.012
2018-08-01 15:00:00,9744.426
2018-08-01 18:00:00,9276.656
2018-08-01 21:00:00,8082.5596
2018-08-02 00:00:00,-64.86543
2018-08-02 03:00:00,1909.0688
2018-08-02 06:00:00,733.58704
2018-08-02 09:00:00,5825.9023
2018-08-02 12:00:00,11471.748
2018-08-02 15:00:00,10110.736
2018-08-02 18:00:00,7537.6963
2018-08-02 21:00:00,11023.587
2018-08-03 00:00:00,6856.248
2018-08-03 03:00:00,1266.5984
2018-08-03 06:00:00,469.7525
2018-08-03 09:00:00,5237.355
2018-08-03 12:00:00,4391.017
2018-08-03 15:00:00,4006.3965
2018-08-03 18:00:00,5769.759
2018-08-03 21:00:00,7200.3975
2018-08-04 00:00:00,9293.584
2018-08-04 03:00:00,126.05591
2018-08-04 06:00:00,-3766.2
2018-08-04 09:00:00,5800.049
2018-08-04 12:00:00,3520.0654
2018-08-04 15:00:00,7219.64
2018-08-04 18:00:00,5804.397
2018-08-04 21:00:00,8549.631
2018-08-05 00:00:00,5965.595
2018-08-05 03:00:00,2284.166
2018-08-05 06:00:00,1672.8289
2018-08-05 09:00:00,5425.3403
2018-08-05 12:00:00,5177.5283
2018-08-05 15:00:00,6064.8716
2018-08-05 18:00:00,-405.60876
2018-08-05 21:00:00,10902.558
2018-08-06 00:00:00,14720.029
2018-08-06 03:00:00,11618.007
2018-08-06 06:00:00,9565.783
2018-08-06 09:00:00,9174.621
2018-08-06 12:00:00,10909.712
2018-08-06 15:00:00,11584.28
2018-08-06 18:00:00,10214.4
2018-08-06 21:00:00,8041.32
2018-08-07 00:00:00,12143.706
2018-08-07 03:00:00,5958.5854
2018-08-07 06:00:00,6178.922
2018-08-07 09:00:00,7313.046
2018-08-07 12:00:00,10952.088
2018-08-07 15:00:00,8061.4214
2018-08-07 18:00:00,9173.882
2018-08-07 21:00:00,12016.405
2018-08-08 00:00:00,9039.7705
2018-08-08 03:00:00,6471.1055
2018-08-08 06:00:00,6406.846
2018-08-08 09:00:00,7254.89
2018-08-08 12:00:00,8261.689
2018-08-08 15:00:00,7573.536
2018-08-08 18:00:00,9770.053
2018-08-08 21:00:00,7974.238
2018-08-09 00:00:00,13694.342
2018-08-09 03:00:00,6988.1504
2018-08-09 06:00:00,5556.377
2018-08-09 09:00:00,7137.7217
2018-08-09 12:00:00,3978.5505
2018-08-09 15:00:00,9722.833
2018-08-09 18:00:00,11077.048
2018-08-09 21:00:00,12917.761
2018-08-10 00:00:00,10210.859
2018-08-10 03:00:00,10748.069
2018-08-10 06:00:00,10409.587
2018-08-10 09:00:00,12153.033
2018-08-10 12:00:00,9446.067
2018-08-10 15:00:00,10623.123
2018-08-10 18:00:00,9786.671
2018-08-10 21:00:00,13418.71
2018-08-11 00:00:00,11729.199
2018-08-11 03:00:00,8333.091
2018-08-11 06:00:00,8490.1045
2018-08-11 09:00:00,13426.84
2018-08-11 12:00:00,7958.045
2018-08-11 15:00:00,13021.383
2018-08-11 18:00:00,11868.706
2018-08-11 21:00:00,11728.779
2018-08-12 00:00:00,10894.821
2018-08-12 03:00:00,10029.791
2018-08-12 06:00:00,10204.874
2018-08-12 09:00:00,10784.0
2018-08-12 12:00:00,10973.601
2018-08-12 15:00:00,7373.8135
2018-08-12 18:00:00,7872.445
2018-08-12 21:00:00,13282.091
2018-08-13 00:00:00,9329.545
2018-08-13 03:00:00,5607.533
2018-08-13 06:00:00,5181.951
2018-08-13 09:00:00,8280.875
2018-08-13 12:00:00,7434.2983
2018-08-13 15:00:00,10565.539
2018-08-13 18:00:00,9516.779
2018-08-13 21:00:00,8113.0527
2018-08-14 00:00:00,8992.15
2018-08-14 03:00:00,10088.132
2018-08-14 06:00:00,8490.192
2018-08-14 09:00:00,12126.231
2018-08-14 12:00:00,8927.479
2018-08-14 15:00:00,10414.4375
2018-08-14 18:00:00,9150.683
2018-08-14 21:00:00,10774.015
2018-08-15 00:00:00,11542.106
2018-08-15 03:00:00,9738.01
2018-08-15 06:00:00,8883.35
2018-08-15 09:00:00,13014.617
2018-08-15 12:00:00,13351.273
2018-08-15 15:00:00,12588.202
2018-08-15 18:00:00,10282.129
2018-08-15 21:00:00,12618.594
2018-08-16 00:00:00,13801.091
2018-08-16 03:00:00,10163.783
2018-08-16 06:00:00,5763.8677
2018-08-16 09:00:00,8570.252
2018-08-16 12:00:00,10153.005
2018-08-16 15:00:00,10038.551
2018-08-16 18:00:00,9568.296
2018-08-16 21:00:00,7851.5464
2018-08-17 00:00:00,12968.311
2018-08-17 03:00:00,11072.985
2018-08-17 06:00:00,6767.2964
2018-08-17 09:00:00,10126.158
2018-08-17 12:00:00,10580.158
2018-08-17 15:00:00,11390.953
2018-08-17 18:00:00,12218.433
2018-08-17 21:00:00,11325.975
2018-08-18 00:00:00,9518.138
2018-08-18 03:00:00,8099.7314
2018-08-18 06:00:00,7023.474
2018-08-18 09:00:00,10418.591
2018-08-18 12:00:00,9585.943
2018-08-18 15:00:00,7876.2783
2018-08-18 18:00:00,10230.029
2018-08-18 21:00:00,13333.127
2018-08-19 00:00:00,9318.327
2018-08-19 03:00:00,8354.165
2018-08-19 06:00:00,8365.691
2018-08-19 09:00:00,12503.092
2018-08-19 12:00:00,9668.048
2018-08-19 15:00:00,10250.162
2018-08-19 18:00:00,8410.657
2018-08-19 21:00:00,9961.51
2018-08-20 00:00:00,11118.223
2018-08-20 03:00:00,8038.692
2018-08-20 06:00:00,7829.3047
2018-08-20 09:00:00,12507.84
2018-08-20 12:00:00,9035.18
2018-08-20 15:00:00,14000.447
2018-08-20 18:00:00,10113.092
2018-08-20 21:00:00,11439.2
2018-08-21 00:00:00,11270.666
2018-08-21 03:00:00,8915.04
2018-08-21 06:00:00,8336.618
2018-08-21 09:00:00,10017.927
2018-08-21 12:00:00,11503.007
2018-08-21 15:00:00,14543.897
2018-08-21 18:00:00,8865.999
2018-08-21 21:00:00,11297.599
2018-08-22 00:00:00,13148.916
2018-08-22 03:00:00,9197.35
2018-08-22 06:00:00,9370.625
2018-08-22 09:00:00,12913.792
2018-08-22 12:00:00,10656.508
2018-08-22 15:00:00,11938.926
2018-08-22 18:00:00,10605.767
2018-08-22 21:00:00,10568.092
2018-08-23 00:00:00,12747.601
2018-08-23 03:00:00,9189.475
2018-08-23 06:00:00,10379.39
2018-08-23 09:00:00,11003.045
2018-08-23 12:00:00,11144.055
2018-08-23 15:00:00,8697.704
2018-08-23 18:00:00,11755.166
2018-08-23 21:00:00,10795.865
2018-08-24 00:00:00,13395.699
2018-08-24 03:00:00,10140.491
2018-08-24 06:00:00,9089.847
2018-08-24 09:00:00,10528.025
2018-08-24 12:00:00,6853.2793
2018-08-24 15:00:00,9990.363
2018-08-24 18:00:00,12774.108
2018-08-24 21:00:00,10595.431
2018-08-25 00:00:00,11917.868
2018-08-25 03:00:00,8205.827
2018-08-25 06:00:00,6289.2007
2018-08-25 09:00:00,11428.795
2018-08-25 12:00:00,8955.977
2018-08-25 15:00:00,10638.987
2018-08-25 18:00:00,8255.157
2018-08-25 21:00:00,8286.286
2018-08-26 00:00:00,12115.261
2018-08-26 03:00:00,11401.614
2018-08-26 06:00:00,9720.766
2018-08-26 09:00:00,11849.542
2018-08-26 12:00:00,12647.194
2018-08-26 15:00:00,9531.827
2018-08-26 18:00:00,8023.8325
2018-08-26 21:00:00,9983.047
2018-08-27 00:00:00,14064.339
2018-08-27 03:00:00,11376.303
2018-08-27 06:00:00,10063.985
2018-08-27 09:00:00,13250.464
2018-08-27 12:00:00,11100.962
2018-08-27 15:00:00,14083.819
2018-08-27 18:00:00,13071.178
2018-08-27 21:00:00,15584.669
2018-08-28 00:00:00,12498.116
2018-08-28 03:00:00,8889.699
2018-08-28 06:00:00,8850.841
2018-08-28 09:00:00,11900.856
2018-08-28 12:00:00,10259.365
2018-08-28 15:00:00,10456.7705
2018-08-28 18:00:00,10559.764
2018-08-28 21:00:00,8410.369
2018-08-29 00:00:00,8674.178
2018-08-29 03:00:00,9879.078
2018-08-29 06:00:00,4781.4805
2018-08-29 09:00:00,11010.843
2018-08-29 12:00:00,12977.734
2018-08-29 15:00:00,10709.99
2018-08-29 18:00:00,13759.161
2018-08-29 21:00:00,9536.948
2018-08-30 00:00:00,7833.694
2018-08-30 03:00:00,10087.151
2018-08-30 06:00:00,9640.5
2018-08-30 09:00:00,11245.806
2018-08-30 12:00:00,10619.699
2018-08-30 15:00:00,11133.286
2018-08-30 18:00:00,11133.506
2018-08-30 21:00:00,11809.876
2018-08-31 00:00:00,10007.107
2018-08-31 03:00:00,8700.499
2018-08-31 06:00:00,9197.034
2018-08-31 09:00:00,10768.611
2018-08-31 12:00:00,14825.458
2018-08-31 15:00:00,13066.644
2018-08-31 18:00:00,13928.529
2018-08-31 21:00:00,16296.56
2018-09-01 00:00:00,7302.044
2018-09-01 03:00:00,-398.59967
2018-09-01 06:00:00,-1275.4333
2018-09-01 09:00:00,5765.2812
2018-09-01 12:00:00,2757.7615
2018-09-01 15:00:00,5620.42
2018-09-01 18:00:00,3926.39
2018-09-01 21:00:00,7438.2837
2018-09-02 00:00:00,10492.897
2018-09-02 03:00:00,1174.5337
2018-09-02 06:00:00,-532.076
2018-09-02 09:00:00,6186.669
2018-09-02 12:00:00,6770.826
2018-09-02 15:00:00,5369.8706
2018-09-02 18:00:00,1699.1471
2018-09-02 21:00:00,7531.989
2018-09-03 00:00:00,5732.26
2018-09-03 03:00:00,-332.88562
2018-09-03 06:00:00,-2894.7312
2018-09-03 09:00:00,984.08765
2018-09-03 12:00:00,-1421.7286
2018-09-03 15:00:00,-1668.0878
2018-09-03 18:00:00,1398.2682
2018-09-03 21:00:00,3785.9167
2018-09-04 00:00:00,2748.549
2018-09-04 03:00:00,-2681.4036
2018-09-04 06:00:00,-3690.5193
2018-09-04 09:00:00,534.74066
2018-09-04 12:00:00,56.973354
2018-09-04 15:00:00,-1660.0228
2018-09-04 18:00:00,-797.49695
2018-09-04 21:00:00,3826.0312
2018-09-05 00:00:00,3792.545
2018-09-05 03:00:00,528.0575
2018-09-05 06:00:00,-2667.3218
2018-09-05 09:00:00,2558.8066
2018-09-05 12:00:00,3056.052
2018-09-05 15:00:00,2855.9968
2018-09-05 18:00:00,1608.158
2018-09-05 21:00:00,2793.0964
2018-09-06 00:00:00,7878.2524
2018-09-06 03:00:00,6856.2046
2018-09-06 06:00:00,5264.9375
2018-09-06 09:00:00,7753.3345
2018-09-06 12:00:00,9760.387
2018-09-06 15:00:00,7673.4746
2018-09-06 18:00:00,6705.551
2018-09-06 21:00:00,8635.039
2018-09-07 00:00:00,13074.251
2018-09-07 03:00:00,10798.376
2018-09-07 06:00:00,6350.5586
2018-09-07 09:00:00,11440.542
2018-09-07 12:00:00,13628.049
2018-09-07 15:00:00,11681.379
2018-09-07 18:00:00,8568.5
2018-09-07 21:00:00,10551.547
2018-09-08 00:00:00,13281.747
2018-09-08 03:00:00,9624.411
2018-09-08 06:00:00,8663.549
2018-09-08 09:00:00,13123.646
2018-09-08 12:00:00,8281.402
2018-09-08 15:00:00,13162.784
2018-09-08 18:00:00,9644.587
2018-09-08 21:00:00,11485.262
2018-09-09 00:00:00,13637.963
2018-09-09 03:00:00,10679.683
2018-09-09 06:00:00,8818.158
2018-09-09 09:00:00,12992.205
2018-09-09 12:00:00,14247.008
2018-09-09 15:00:00,9061.187
2018-09-09 18:00:00,11270.352
2018-09-09 21:00:00,15606.308
2018-09-10 00:00:00,14248.111
2018-09-10 03:00:00,12563.721
2018-09-10 06:00:00,11676.464
2018-09-10 09:00:00,13190.771
2018-09-10 12:00:00,12911.825
2018-09-10 15:00:00,11262.475
2018-09-10 18:00:00,11283.714
2018-09-10 21:00:00,12156.29
2018-09-11 00:00:00,12205.236
2018-09-11 03:00:00,10465.81
2018-09-11 06:00:00,11156.549
2018-09-11 09:00:00,12033.971
2018-09-11 12:00:00,11250.298
2018-09-11 15:00:00,11978.701
2018-09-11 18:00:00,9905.336
2018-09-11 21:00:00,10063.85
2018-09-12 00:00:00,15516.72
2018-09-12 03:00:00,12664.761
2018-09-12 06:00:00,11531.308
2018-09-12 09:00:00,13180.321
2018-09-12 12:00:00,10697.017
2018-09-12 15:00:00,10579.369
2018-09-12 18:00:00,9553.819
2018-09-12 21:00:00,12738.016
2018-09-13 00:00:00,15271.321
2018-09-13 03:00:00,12141.396
2018-09-13 06:00:00,10211.59
2018-09-13 09:00:00,12761.367
2018-09-13 12:00:00,9571.836
2018-09-13 15:00:00,12708.622
2018-09-13 18:00:00,11832.645
2018-09-13 21:00:00,13632.238
2018-09-14 00:00:00,12755.984
2018-09-14 03:00:00,10019.834
2018-09-14 06:00:00,10761.652
2018-09-14 09:00:00,14057.341
2018-09-14 12:00:00,10745.136
2018-09-14 15:00:00,10023.633
2018-09-14 18:00:00,10961.844
2018-09-14 21:00:00,12083.887
2018-09-15 00:00:00,13160.493
2018-09-15 03:00:00,11273.186
2018-09-15 06:00:00,10321.635
2018-09-15 09:00:00,13516.849
2018-09-15 12:00:00,14529.016
2018-09-15 15:00:00,15264.456
2018-09-15 18:00:00,12896.053
2018-09-15 21:00:00,13502.3955
2018-09-16 00:00:00,13220.229
2018-09-16 03:00:00,11220.837
2018-09-16 06:00:00,9995.487
2018-09-16 09:00:00,13750.126
2018-09-16 12:00:00,13569.805
2018-09-16 15:00:00,12435.368
2018-09-16 18:00:00,11128.726
2018-09-16 21:00:00,9907.181
2018-09-17 00:00:00,13832.831
2018-09-17 03:00:00,10563.05
2018-09-17 06:00:00,8791.731
2018-09-17 09:00:00,10945.157
2018-09-17 12:00:00,11436.581
2018-09-17 15:00:00,10159.704
2018-09-17 18:00:00,12872.485
2018-09-17 21:00:00,13680.428
2018-09-18 00:00:00,11442.084
2018-09-18 03:00:00,8518.097
2018-09-18 06:00:00,7457.215
2018-09-18 09:00:00,12921.016
2018-09-18 12:00:00,12833.139
2018-09-18 15:00:00,12583.698
2018-09-18 18:00:00,12891.542
2018-09-18 21:00:00,13579.103
2018-09-19 00:00:00,14005.954
2018-09-19 03:00:00,10224.775
2018-09-19 06:00:00,9879.644
2018-09-19 09:00:00,13172.879
2018-09-19 12:00:00,11733.863
2018-09-19 15:00:00,10988.336
2018-09-19 18:00:00,14022.469
2018-09-19 21:00:00,11448.853
2018-09-20 00:00:00,12315.541
2018-09-20 03:00:00,10735.923
2018-09-20 06:00:00,9470.103
2018-09-20 09:00:00,13112.632
2018-09-20 12:00:00,10992.425
2018-09-20 15:00:00,11225.322
2018-09-20 18:00:00,10426.897
2018-09-20 21:00:00,13330.451
2018-09-21 00:00:00,11789.793
2018-09-21 03:00:00,9203.346
2018-09-21 06:00:00,8423.262
2018-09-21 09:00:00,12587.021
2018-09-21 12:00:00,10691.561
2018-09-21 15:00:00,10267.352
2018-09-21 18:00:00,10192.727
2018-09-21 21:00:00,12383.284
2018-09-22 00:00:00,12490.091
2018-09-22 03:00:00,9290.141
2018-09-22 06:00:00,10062.843
2018-09-22 09:00:00,13836.267
2018-09-22 12:00:00,6573.0186
2018-09-22 15:00:00,9645.135
2018-09-22 18:00:00,11628.431
2018-09-22 21:00:00,11845.042
2018-09-23 00:00:00,13169.513
2018-09-23 03:00:00,10706.129
2018-09-23 06:00:00,6439.3496
2018-09-23 09:00:00,9808.68
2018-09-23 12:00:00,9404.488
2018-09-23 15:00:00,11222.664
2018-09-23 18:00:00,9006.991
2018-09-23 21:00:00,12802.553
2018-09-24 00:00:00,10399.234
2018-09-24 03:00:00,9699.504
2018-09-24 06:00:00,9610.883
2018-09-24 09:00:00,10279.619
2018-09-24 12:00:00,8598.926
2018-09-24 15:00:00,9818.843
2018-09-24 18:00:00,10622.284
2018-09-24 21:00:00,10237.53
2018-09-25 00:00:00,11100.044
2018-09-25 03:00:00,9259.782
2018-09-25 06:00:00,5571.9917
2018-09-25 09:00:00,7424.371
2018-09-25 12:00:00,7643.082
2018-09-25 15:00:00,9251.726
2018-09-25 18:00:00,9702.478
2018-09-25 21:00:00,9326.01
2018-09-26 00:00:00,7936.3193
2018-09-26 03:00:00,8005.124
2018-09-26 06:00:00,6620.839
2018-09-26 09:00:00,10791.788
2018-09-26 12:00:00,9795.137
2018-09-26 15:00:00,8088.6704
2018-09-26 18:00:00,6414.4
2018-09-26 21:00:00,11356.293
2018-09-27 00:00:00,11250.982
2018-09-27 03:00:00,3545.528
2018-09-27 06:00:00,5697.969
2018-09-27 09:00:00,11019.801
2018-09-27 12:00:00,10304.833
2018-09-27 15:00:00,8232.646
2018-09-27 18:00:00,4653.2056
2018-09-27 21:00:00,12294.734
2018-09-28 00:00:00,11732.421
2018-09-28 03:00:00,8977.2295
2018-09-28 06:00:00,8920.887
2018-09-28 09:00:00,10810.411
2018-09-28 12:00:00,12233.268
2018-09-28 15:00:00,9565.219
2018-09-28 18:00:00,12571.086
2018-09-28 21:00:00,13368.259
2018-09-29 00:00:00,13289.243
2018-09-29 03:00:00,10077.256
2018-09-29 06:00:00,5720.191
2018-09-29 09:00:00,11568.698
2018-09-29 12:00:00,11735.855
2018-09-29 15:00:00,10309.918
2018-09-29 18:00:00,10609.315
2018-09-29 21:00:00,12008.426
2018-09-30 00:00:00,14618.009
2018-09-30 03:00:00,10265.466
2018-09-30 06:00:00,6798.0947
2018-09-30 09:00:00,8756.738
2018-09-30 12:00:00,13022.928
2018-09-30 15:00:00,12885.617
2018-09-30 18:00:00,6967.028
2018-09-30 21:00:00,10569.128
2018-10-01 00:00:00,8429.867
2018-10-01 03:00:00,-1272.6627
2018-10-01 06:00:00,279.68787
2018-10-01 09:00:00,5345.3936
2018-10-01 12:00:00,3072.8267
2018-10-01 15:00:00,2901.4277
2018-10-01 18:00:00,3184.4688
2018-10-01 21:00:00,5538.8335
2018-10-02 00:00:00,7339.09
2018-10-02 03:00:00,1309.2666
2018-10-02 06:00:00,-363.04346
2018-10-02 09:00:00,8681.505
2018-10-02 12:00:00,10336.0
2018-10-02 15:00:00,8030.1226
2018-10-02 18:00:00,6443.361
2018-10-02 21:00:00,4357.4565
2018-10-03 00:00:00,6002.7227
2018-10-03 03:00:00,1349.8439
2018-10-03 06:00:00,-608.9237
2018-10-03 09:00:00,3426.691
2018-10-03 12:00:00,7941.851
2018-10-03 15:00:00,4415.0923
2018-10-03 18:00:00,3364.298
2018-10-03 21:00:00,1255.4473
2018-10-04 00:00:00,678.86426
2018-10-04 03:00:00,1680.7224
2018-10-04 06:00:00,-960.2088
2018-10-04 09:00:00,5998.866
2018-10-04 12:00:00,5866.4937
2018-10-04 15:00:00,4762.946
2018-10-04 18:00:00,-472.1188
2018-10-04 21:00:00,2708.266
2018-10-05 00:00:00,9554.105
2018-10-05 03:00:00,1574.9694
2018-10-05 06:00:00,2772.9731
2018-10-05 09:00:00,7647.492
2018-10-05 12:00:00,5553.804
2018-10-05 15:00:00,2504.443
2018-10-05 18:00:00,1440.6125
2018-10-05 21:00:00,5473.332
2018-10-06 00:00:00,13239.424
2018-10-06 03:00:00,8311.096
2018-10-06 06:00:00,8092.3564
2018-10-06 09:00:00,11899.78
2018-10-06 12:00:00,11965.597
2018-10-06 15:00:00,5714.039
2018-10-06 18:00:00,7593.402
2018-10-06 21:00:00,8197.73
2018-10-07 00:00:00,10374.725
2018-10-07 03:00:00,6502.82
2018-10-07 06:00:00,4445.1714
2018-10-07 09:00:00,6134.7573
2018-10-07 12:00:00,8401.612
2018-10-07 15:00:00,2581.1191
2018-10-07 18:00:00,3085.089
2018-10-07 21:00:00,10671.356
2018-10-08 00:00:00,10440.787
2018-10-08 03:00:00,9077.165
2018-10-08 06:00:00,10538.78
2018-10-08 09:00:00,11025.731
2018-10-08 12:00:00,11436.749
2018-10-08 15:00:00,12573.8
2018-10-08 18:00:00,9958.565
2018-10-08 21:00:00,13040.168
2018-10-09 00:00:00,13857.428
2018-10-09 03:00:00,8920.193
2018-10-09 06:00:00,6041.2188
2018-10-09 09:00:00,9814.639
2018-10-09 12:00:00,11625.588
2018-10-09 15:00:00,13718.74
2018-10-09 18:00:00,9917.791
2018-10-09 21:00:00,14596.303
2018-10-10 00:00:00,11227.63
2018-10-10 03:00:00,8733.681
2018-10-10 06:00:00,6371.8994
2018-10-10 09:00:00,8579.324
2018-10-10 12:00:00,10660.036
2018-10-10 15:00:00,8767.07
2018-10-10 18:00:00,8030.5225
2018-10-10 21:00:00,10268.654
2018-10-11 00:00:00,12239.014
2018-10-11 03:00:00,11291.658
2018-10-11 06:00:00,7872.264
2018-10-11 09:00:00,9573.71
2018-10-11 12:00:00,9729.258
2018-10-11 15:00:00,9170.964
2018-10-11 18:00:00,10473.173
2018-10-11 21:00:00,12669.033
2018-10-12 00:00:00,14814.355
2018-10-12 03:00:00,10328.244
2018-10-12 06:00:00,10639.486
2018-10-12 09:00:00,12258.876
2018-10-12 12:00:00,12906.178
2018-10-12 15:00:00,16462.898
2018-10-12 18:00:00,11064.114
2018-10-12 21:00:00,11222.622
2018-10-13 00:00:00,12740.685
2018-10-13 03:00:00,9174.333
2018-10-13 06:00:00,7951.54
2018-10-13 09:00:00,8040.7334
2018-10-13 12:00:00,10343.57
2018-10-13 15:00:00,12697.604
2018-10-13 18:00:00,7310.0454
2018-10-13 21:00:00,11610.597
2018-10-14 00:00:00,10490.618
2018-10-14 03:00:00,3677.6416
2018-10-14 06:00:00,4297.1123
2018-10-14 09:00:00,4663.3438
2018-10-14 12:00:00,8410.515
2018-10-14 15:00:00,9034.347
2018-10-14 18:00:00,5393.229
2018-10-14 21:00:00,8780.499
2018-10-15 00:00:00,7834.8813
2018-10-15 03:00:00,7554.024
2018-10-15 06:00:00,5964.0654
2018-10-15 09:00:00,7687.295
2018-10-15 12:00:00,5367.3438
2018-10-15 15:00:00,6119.9995
2018-10-15 18:00:00,4944.266
2018-10-15 21:00:00,9427.662
2018-10-16 00:00:00,8966.354
2018-10-16 03:00:00,8033.528
2018-10-16 06:00:00,5683.3213
2018-10-16 09:00:00,10018.321
2018-10-16 12:00:00,15322.962
2018-10-16 15:00:00,10453.107
2018-10-16 18:00:00,12174.754
2018-10-16 21:00:00,13375.114
2018-10-17 00:00:00,13846.043
2018-10-17 03:00:00,10468.09
2018-10-17 06:00:00,10467.042
2018-10-17 09:00:00,11284.105
2018-10-17 12:00:00,12335.793
2018-10-17 15:00:00,7962.296
2018-10-17 18:00:00,10370.854
2018-10-17 21:00:00,10214.972
2018-10-18 00:00:00,9201.851
2018-10-18 03:00:00,5541.0024
2018-10-18 06:00:00,6166.2227
2018-10-18 09:00:00,9933.476
2018-10-18 12:00:00,13642.764
2018-10-18 15:00:00,13271.36
2018-10-18 18:00:00,10648.271
2018-10-18 21:00:00,12879.675
2018-10-19 00:00:00,12855.283
2018-10-19 03:00:00,3538.2158
2018-10-19 06:00:00,5686.7734
2018-10-19 09:00:00,11474.312
2018-10-19 12:00:00,15783.031
2018-10-19 15:00:00,13295.981
2018-10-19 18:00:00,11439.374
2018-10-19 21:00:00,9807.323
2018-10-20 00:00:00,12032.387
2018-10-20 03:00:00,11711.026
2018-10-20 06:00:00,8396.5625
2018-10-20 09:00:00,14024.238
2018-10-20 12:00:00,15567.772
2018-10-20 15:00:00,14055.614
2018-10-20 18:00:00,11334.999
2018-10-20 21:00:00,12176.341
2018-10-21 00:00:00,14521.399
2018-10-21 03:00:00,9494.129
2018-10-21 06:00:00,8521.063
2018-10-21 09:00:00,9758.618
2018-10-21 12:00:00,15116.155
2018-10-21 15:00:00,13045.331
2018-10-21 18:00:00,12524.135
2018-10-21 21:00:00,12340.92
2018-10-22 00:00:00,11815.563
2018-10-22 03:00:00,9948.072
2018-10-22 06:00:00,7153.6353
2018-10-22 09:00:00,11506.349
2018-10-22 12:00:00,11671.78
2018-10-22 15:00:00,12919.657
2018-10-22 18:00:00,9591.9795
2018-10-22 21:00:00,9891.643
2018-10-23 00:00:00,13147.442
2018-10-23 03:00:00,10729.517
2018-10-23 06:00:00,9179.071
2018-10-23 09:00:00,9526.264
2018-10-23 12:00:00,13072.779
2018-10-23 15:00:00,11925.506
2018-10-23 18:00:00,10581.241
2018-10-23 21:00:00,11711.634
2018-10-24 00:00:00,12976.076
2018-10-24 03:00:00,9412.515
2018-10-24 06:00:00,9327.974
2018-10-24 09:00:00,9765.849
2018-10-24 12:00:00,11119.239
2018-10-24 15:00:00,8432.098
2018-10-24 18:00:00,8336.439
2018-10-24 21:00:00,10508.985
2018-10-25 00:00:00,12604.693
2018-10-25 03:00:00,9083.754
2018-10-25 06:00:00,9504.717
2018-10-25 09:00:00,12019.58
2018-10-25 12:00:00,13323.416
2018-10-25 15:00:00,11978.578
2018-10-25 18:00:00,11911.803
2018-10-25 21:00:00,13794.664
2018-10-26 00:00:00,12983.641
2018-10-26 03:00:00,8873.852
2018-10-26 06:00:00,5924.593
2018-10-26 09:00:00,8761.926
2018-10-26 12:00:00,11700.238
2018-10-26 15:00:00,9725.894
2018-10-26 18:00:00,8313.022
2018-10-26 21:00:00,11338.372
2018-10-27 00:00:00,10296.652
2018-10-27 03:00:00,7121.268
2018-10-27 06:00:00,3837.6238
2018-10-27 09:00:00,8682.668
2018-10-27 12:00:00,9260.217
2018-10-27 15:00:00,10691.15
2018-10-27 18:00:00,9340.743
2018-10-27 21:00:00,5171.9575
2018-10-28 00:00:00,10088.278
2018-10-28 03:00:00,4051.9548
2018-10-28 06:00:00,4757.3555
2018-10-28 09:00:00,7540.025
2018-10-28 12:00:00,9972.593
2018-10-28 15:00:00,6599.153
2018-10-28 18:00:00,6823.386
2018-10-28 21:00:00,7409.357
2018-10-29 00:00:00,6512.687
2018-10-29 03:00:00,4548.4307
2018-10-29 06:00:00,-2304.4492
2018-10-29 09:00:00,574.2063
2018-10-29 12:00:00,4832.193
2018-10-29 15:00:00,-1392.4967
2018-10-29 18:00:00,2203.747
2018-10-29 21:00:00,4771.37
2018-10-30 00:00:00,4925.3477
2018-10-30 03:00:00,770.19775
2018-10-30 06:00:00,-866.7403
2018-10-30 09:00:00,4210.766
2018-10-30 12:00:00,8727.505
2018-10-30 15:00:00,9333.152
2018-10-30 18:00:00,13092.945
2018-10-30 21:00:00,11882.73
2018-10-31 00:00:00,10747.413
2018-10-31 03:00:00,6107.753
2018-10-31 06:00:00,2120.7007
2018-10-31 09:00:00,4735.288
2018-10-31 12:00:00,9076.15
2018-10-31 15:00:00,6500.4526
2018-10-31 18:00:00,6848.7173
2018-10-31 21:00:00,11961.315
2018-11-01 00:00:00,6347.489
2018-11-01 03:00:00,-818.0885
2018-11-01 06:00:00,-918.80023
2018-11-01 09:00:00,6119.2026
2018-11-01 12:00:00,5732.7407
2018-11-01 15:00:00,3316.1912
2018-11-01 18:00:00,2392.2827
2018-11-01 21:00:00,5828.437
2018-11-02 00:00:00,9291.785
2018-11-02 03:00:00,1235.1599
2018-11-02 06:00:00,-666.78955
2018-11-02 09:00:00,5716.0283
2018-11-02 12:00:00,7763.099
2018-11-02 15:00:00,5085.8096
2018-11-02 18:00:00,5615.8823
2018-11-02 21:00:00,7337.402
2018-11-03 00:00:00,7499.009
2018-11-03 03:00:00,2228.3132
2018-11-03 06:00:00,2134.8848
2018-11-03 09:00:00,5657.499
2018-11-03 12:00:00,6261.624
2018-11-03 15:00:00,6246.487
2018-11-03 18:00:00,3829.4705
2018-11-03 21:00:00,6406.198
2018-11-04 00:00:00,5901.35
2018-11-04 03:00:00,517.35736
2018-11-04 06:00:00,-2497.5225
2018-11-04 09:00:00,1885.9408
2018-11-04 12:00:00,-1007.7988
2018-11-04 15:00:00,-3542.798
2018-11-04 18:00:00,-2535.3125
2018-11-04 21:00:00,2400.601
2018-11-05 00:00:00,4796.2344
2018-11-05 03:00:00,2088.3506
2018-11-05 06:00:00,3327.0874
2018-11-05 09:00:00,6642.544
2018-11-05 12:00:00,2614.5793
2018-11-05 15:00:00,1828.8682
2018-11-05 18:00:00,3300.9045
2018-11-05 21:00:00,1588.4996
2018-11-06 00:00:00,5268.492
2018-11-06 03:00:00,2076.2795
2018-11-06 06:00:00,5577.1055
2018-11-06 09:00:00,7783.9688
2018-11-06 12:00:00,9543.747
2018-11-06 15:00:00,6121.04
2018-11-06 18:00:00,8218.487
2018-11-06 21:00:00,10176.355
2018-11-07 00:00:00,11978.1
2018-11-07 03:00:00,7663.2227
2018-11-07 06:00:00,5173.9717
2018-11-07 09:00:00,12820.265
2018-11-07 12:00:00,11715.255
2018-11-07 15:00:00,10751.156
2018-11-07 18:00:00,8073.661
2018-11-07 21:00:00,14189.739
2018-11-08 00:00:00,11937.885
2018-11-08 03:00:00,10353.814
2018-11-08 06:00:00,8962.881
2018-11-08 09:00:00,11298.733
2018-11-08 12:00:00,12853.617
2018-11-08 15:00:00,13331.163
2018-11-08 18:00:00,12711.154
2018-11-08 21:00:00,17098.807
2018-11-09 00:00:00,12342.664
2018-11-09 03:00:00,4842.211
2018-11-09 06:00:00,7519.4233
2018-11-09 09:00:00,8792.696
2018-11-09 12:00:00,11082.573
2018-11-09 15:00:00,9069.32
2018-11-09 18:00:00,8494.31
2018-11-09 21:00:00,10279.794
2018-11-10 00:00:00,8828.923
2018-11-10 03:00:00,8699.012
2018-11-10 06:00:00,8323.244
2018-11-10 09:00:00,10850.467
2018-11-10 12:00:00,11089.196
2018-11-10 15:00:00,10867.947
2018-11-10 18:00:00,10231.637
2018-11-10 21:00:00,13870.574
2018-11-11 00:00:00,10301.877
2018-11-11 03:00:00,6656.736
2018-11-11 06:00:00,4398.508
2018-11-11 09:00:00,8418.4375
2018-11-11 12:00:00,8763.295
2018-11-11 15:00:00,8775.5625
2018-11-11 18:00:00,11396.284
2018-11-11 21:00:00,13955.211
2018-11-12 00:00:00,14666.966
2018-11-12 03:00:00,10257.236
2018-11-12 06:00:00,8519.172
2018-11-12 09:00:00,10498.838
2018-11-12 12:00:00,17067.54
2018-11-12 15:00:00,15721.73
2018-11-12 18:00:00,11846.424
2018-11-12 21:00:00,17393.854
2018-11-13 00:00:00,19976.875
2018-11-13 03:00:00,10406.429
2018-11-13 06:00:00,9926.738
2018-11-13 09:00:00,15238.9
2018-11-13 12:00:00,13854.173
2018-11-13 15:00:00,12420.888
2018-11-13 18:00:00,13257.349
2018-11-13 21:00:00,13064.8955
2018-11-14 00:00:00,13333.004
2018-11-14 03:00:00,10093.146
2018-11-14 06:00:00,10272.283
2018-11-14 09:00:00,16306.493
2018-11-14 12:00:00,14440.746
2018-11-14 15:00:00,14662.131
2018-11-14 18:00:00,15646.362
2018-11-14 21:00:00,16136.41
2018-11-15 00:00:00,13551.774
2018-11-15 03:00:00,11197.023
2018-11-15 06:00:00,10556.317
2018-11-15 09:00:00,14844.64
2018-11-15 12:00:00,16118.529
2018-11-15 15:00:00,14663.58
2018-11-15 18:00:00,14207.959
2018-11-15 21:00:00,13274.556
2018-11-16 00:00:00,18573.82
2018-11-16 03:00:00,13440.046
2018-11-16 06:00:00,12166.2
2018-11-16 09:00:00,14876.707
2018-11-16 12:00:00,18177.002
2018-11-16 15:00:00,17236.152
2018-11-16 18:00:00,16875.523
2018-11-16 21:00:00,16338.78
2018-11-17 00:00:00,18304.363
2018-11-17 03:00:00,13811.832
2018-11-17 06:00:00,11623.08
2018-11-17 09:00:00,12698.438
2018-11-17 12:00:00,16265.198
2018-11-17 15:00:00,14712.831
2018-11-17 18:00:00,14511.871
2018-11-17 21:00:00,12286.884
2018-11-18 00:00:00,12803.102
2018-11-18 03:00:00,11276.805
2018-11-18 06:00:00,8628.257
2018-11-18 09:00:00,9244.138
2018-11-18 12:00:00,9785.0625
2018-11-18 15:00:00,10117.116
2018-11-18 18:00:00,8263.841
2018-11-18 21:00:00,11428.466
2018-11-19 00:00:00,8182.299
2018-11-19 03:00:00,5733.994
2018-11-19 06:00:00,5390.769
2018-11-19 09:00:00,11561.152
2018-11-19 12:00:00,12289.021
2018-11-19 15:00:00,11708.901
2018-11-19 18:00:00,13644.68
2018-11-19 21:00:00,14775.75
2018-11-20 00:00:00,13581.279
2018-11-20 03:00:00,5267.3867
2018-11-20 06:00:00,6406.639
2018-11-20 09:00:00,9407.606
2018-11-20 12:00:00,11027.583
2018-11-20 15:00:00,7170.248
2018-11-20 18:00:00,10079.139
2018-11-20 21:00:00,11966.567
2018-11-21 00:00:00,9296.788
2018-11-21 03:00:00,7162.513
2018-11-21 06:00:00,4801.1963
2018-11-21 09:00:00,5012.2925
2018-11-21 12:00:00,10575.914
2018-11-21 15:00:00,9649.905
2018-11-21 18:00:00,12835.646
2018-11-21 21:00:00,13897.17
2018-11-22 00:00:00,15396.455
2018-11-22 03:00:00,13050.868
2018-11-22 06:00:00,11145.9
2018-11-22 09:00:00,13658.457
2018-11-22 12:00:00,15051.826
2018-11-22 15:00:00,14908.871
2018-11-22 18:00:00,16633.477
2018-11-22 21:00:00,16565.764
2018-11-23 00:00:00,14563.551
2018-11-23 03:00:00,10670.785
2018-11-23 06:00:00,6549.6187
2018-11-23 09:00:00,10668.239
2018-11-23 12:00:00,12492.038
2018-11-23 15:00:00,10496.616
2018-11-23 18:00:00,9792.186
2018-11-23 21:00:00,13592.709
2018-11-24 00:00:00,13265.454
2018-11-24 03:00:00,8778.651
2018-11-24 06:00:00,6126.9434
2018-11-24 09:00:00,10425.302
2018-11-24 12:00:00,18270.855
2018-11-24 15:00:00,9732.242
2018-11-24 18:00:00,10399.507
2018-11-24 21:00:00,10742.425
2018-11-25 00:00:00,11395.575
2018-11-25 03:00:00,4186.5527
2018-11-25 06:00:00,3165.582
2018-11-25 09:00:00,8288.194
2018-11-25 12:00:00,9684.0205
2018-11-25 15:00:00,8003.2617
2018-11-25 18:00:00,10411.681
2018-11-25 21:00:00,7610.0527
2018-11-26 00:00:00,9046.133
2018-11-26 03:00:00,2137.725
2018-11-26 06:00:00,1791.0197
2018-11-26 09:00:00,3265.5574
2018-11-26 12:00:00,-1331.8467
2018-11-26 15:00:00,4568.834
2018-11-26 18:00:00,7315.3696
2018-11-26 21:00:00,8074.5396
2018-11-27 00:00:00,6356.1406
2018-11-27 03:00:00,2520.3665
2018-11-27 06:00:00,10467.69
2018-11-27 09:00:00,11939.152
2018-11-27 12:00:00,15383.978
2018-11-27 15:00:00,11266.47
2018-11-27 18:00:00,15388.1455
2018-11-27 21:00:00,17513.594
2018-11-28 00:00:00,14867.106
2018-11-28 03:00:00,8211.874
2018-11-28 06:00:00,7497.107
2018-11-28 09:00:00,11202.046
2018-11-28 12:00:00,16529.06
2018-11-28 15:00:00,16491.783
2018-11-28 18:00:00,14257.891
2018-11-28 21:00:00,14411.115
2018-11-29 00:00:00,11901.799
2018-11-29 03:00:00,6559.944
2018-11-29 06:00:00,4642.679
2018-11-29 09:00:00,6127.5107
2018-11-29 12:00:00,13048.69
2018-11-29 15:00:00,14168.282
2018-11-29 18:00:00,16854.21
2018-11-29 21:00:00,14709.216
2018-11-30 00:00:00,12947.185
2018-11-30 03:00:00,4678.7734
2018-11-30 06:00:00,2782.42
2018-11-30 09:00:00,4550.075
2018-11-30 12:00:00,4898.8657
2018-11-30 15:00:00,11576.725
2018-11-30 18:00:00,11366.068
2018-11-30 21:00:00,14953.817
2018-12-01 00:00:00,13271.813
2018-12-01 03:00:00,4493.5063
2018-12-01 06:00:00,2022.8997
2018-12-01 09:00:00,6158.436
2018-12-01 12:00:00,6373.58
2018-12-01 15:00:00,6851.514
2018-12-01 18:00:00,6736.2183
2018-12-01 21:00:00,10690.441
2018-12-02 00:00:00,11699.444
2018-12-02 03:00:00,5980.622
2018-12-02 06:00:00,3852.2732
2018-12-02 09:00:00,8899.969
2018-12-02 12:00:00,11684.817
2018-12-02 15:00:00,7920.3843
2018-12-02 18:00:00,9245.879
2018-12-02 21:00:00,11879.246
2018-12-03 00:00:00,7935.9126
2018-12-03 03:00:00,2411.1782
2018-12-03 06:00:00,1010.49384
2018-12-03 09:00:00,6069.4043
2018-12-03 12:00:00,6727.85
2018-12-03 15:00:00,3413.3037
2018-12-03 18:00:00,2726.6587
2018-12-03 21:00:00,4105.023
2018-12-04 00:00:00,7180.674
2018-12-04 03:00:00,1606.5635
2018-12-04 06:00:00,1375.7832
2018-12-04 09:00:00,3518.5383
2018-12-04 12:00:00,1906.1093
2018-12-04 15:00:00,4140.931
2018-12-04 18:00:00,4413.773
2018-12-04 21:00:00,4621.165
2018-12-05 00:00:00,8424.259
2018-12-05 03:00:00,4177.35
2018-12-05 06:00:00,3445.4167
2018-12-05 09:00:00,7946.285
2018-12-05 12:00:00,5827.64
2018-12-05 15:00:00,5344.145
2018-12-05 18:00:00,6044.5474
2018-12-05 21:00:00,4545.797
2018-12-06 00:00:00,13097.539
2018-12-06 03:00:00,8218.938
2018-12-06 06:00:00,7647.978
2018-12-06 09:00:00,11846.572
2018-12-06 12:00:00,9691.636
2018-12-06 15:00:00,10859.515
2018-12-06 18:00:00,8741.78
2018-12-06 21:00:00,10942.318
2018-12-07 00:00:00,13378.362
2018-12-07 03:00:00,8465.795
2018-12-07 06:00:00,7189.6963
2018-12-07 09:00:00,10645.442
2018-12-07 12:00:00,12709.6875
2018-12-07 15:00:00,12646.538
2018-12-07 18:00:00,10127.892
2018-12-07 21:00:00,14893.943
2018-12-08 00:00:00,12498.461
2018-12-08 03:00:00,11885.091
2018-12-08 06:00:00,8252.557
2018-12-08 09:00:00,11878.176
2018-12-08 12:00:00,11047.086
2018-12-08 15:00:00,10443.351
2018-12-08 18:00:00,11505.178
2018-12-08 21:00:00,16385.736
2018-12-09 00:00:00,12752.326
2018-12-09 03:00:00,11729.513
2018-12-09 06:00:00,8510.625
2018-12-09 09:00:00,9436.065
2018-12-09 12:00:00,11206.892
2018-12-09 15:00:00,10931.557
2018-12-09 18:00:00,11959.389
2018-12-09 21:00:00,14185.304
2018-12-10 00:00:00,10421.866
2018-12-10 03:00:00,7067.5684
2018-12-10 06:00:00,6803.4297
2018-12-10 09:00:00,9613.328
2018-12-10 12:00:00,13427.111
2018-12-10 15:00:00,12619.556
2018-12-10 18:00:00,10311.577
2018-12-10 21:00:00,12595.765
2018-12-11 00:00:00,15335.493
2018-12-11 03:00:00,8104.3843
2018-12-11 06:00:00,7323.211
2018-12-11 09:00:00,9286.504
2018-12-11 12:00:00,16168.721
2018-12-11 15:00:00,10730.025
2018-12-11 18:00:00,11852.017
2018-12-11 21:00:00,9601.909
2018-12-12 00:00:00,14642.855
2018-12-12 03:00:00,7859.715
2018-12-12 06:00:00,5846.9434
2018-12-12 09:00:00,10995.873
2018-12-12 12:00:00,16160.729
2018-12-12 15:00:00,15809.956
2018-12-12 18:00:00,14840.375
2018-12-12 21:00:00,16346.958
2018-12-13 00:00:00,13263.491
2018-12-13 03:00:00,4672.2007
2018-12-13 06:00:00,1459.7322
2018-12-13 09:00:00,5342.028
2018-12-13 12:00:00,7354.8643
2018-12-13 15:00:00,7284.669
2018-12-13 18:00:00,7356.9424
2018-12-13 21:00:00,12436.451
2018-12-14 00:00:00,6486.241
2018-12-14 03:00:00,3603.3445
2018-12-14 06:00:00,-689.7814
2018-12-14 09:00:00,4666.886
2018-12-14 12:00:00,3471.5603
2018-12-14 15:00:00,11425.19
2018-12-14 18:00:00,13159.94
2018-12-14 21:00:00,18364.107
2018-12-15 00:00:00,14641.668
2018-12-15 03:00:00,9865.424
2018-12-15 06:00:00,7575.5547
2018-12-15 09:00:00,12278.58
2018-12-15 12:00:00,15618.663
2018-12-15 15:00:00,13823.513
2018-12-15 18:00:00,12125.195
2018-12-15 21:00:00,15044.237
2018-12-16 00:00:00,12846.281
2018-12-16 03:00:00,7384.7534
2018-12-16 06:00:00,7152.2314
2018-12-16 09:00:00,12422.703
2018-12-16 12:00:00,17958.95
2018-12-16 15:00:00,7203.9883
2018-12-16 18:00:00,2323.731
2018-12-16 21:00:00,15227.102
2018-12-17 00:00:00,12586.595
2018-12-17 03:00:00,13807.333
2018-12-17 06:00:00,10923.001
2018-12-17 09:00:00,15067.453
2018-12-17 12:00:00,17836.342
2018-12-17 15:00:00,15093.839
2018-12-17 18:00:00,15361.512
2018-12-17 21:00:00,17604.559
2018-12-18 00:00:00,13581.813
2018-12-18 03:00:00,6256.33
2018-12-18 06:00:00,5148.9473
2018-12-18 09:00:00,4275.799
2018-12-18 12:00:00,13821.715
2018-12-18 15:00:00,12097.129
2018-12-18 18:00:00,14950.666
2018-12-18 21:00:00,18877.488
2018-12-19 00:00:00,16068.021
2018-12-19 03:00:00,10137.917
2018-12-19 06:00:00,8678.436
2018-12-19 09:00:00,7213.996
2018-12-19 12:00:00,12962.919
2018-12-19 15:00:00,13177.7
2018-12-19 18:00:00,17010.104
2018-12-19 21:00:00,16729.84
2018-12-20 00:00:00,16250.907
2018-12-20 03:00:00,11321.188
2018-12-20 06:00:00,8492.476
2018-12-20 09:00:00,11689.632
2018-12-20 12:00:00,17422.646
2018-12-20 15:00:00,15370.386
2018-12-20 18:00:00,16378.325
2018-12-20 21:00:00,16954.934
2018-12-21 00:00:00,16162.308
2018-12-21 03:00:00,7810.518
2018-12-21 06:00:00,5016.7373
2018-12-21 09:00:00,11805.514
2018-12-21 12:00:00,18162.516
2018-12-21 15:00:00,14394.098
2018-12-21 18:00:00,16323.426
2018-12-21 21:00:00,18595.402
2018-12-22 00:00:00,15904.82
2018-12-22 03:00:00,12530.611
2018-12-22 06:00:00,10428.711
2018-12-22 09:00:00,14071.288
2018-12-22 12:00:00,21645.074
2018-12-22 15:00:00,18575.385
2018-12-22 18:00:00,19473.803
2018-12-22 21:00:00,17735.078
2018-12-23 00:00:00,15642.48
2018-12-23 03:00:00,9448.9
2018-12-23 06:00:00,9661.118
2018-12-23 09:00:00,13535.402
2018-12-23 12:00:00,19537.004
2018-12-23 15:00:00,15945.709
2018-12-23 18:00:00,16052.672
2018-12-23 21:00:00,18357.646
2018-12-24 00:00:00,14592.086
2018-12-24 03:00:00,9888.462
2018-12-24 06:00:00,5412.2354
2018-12-24 09:00:00,11330.444
2018-12-24 12:00:00,13114.568
2018-12-24 15:00:00,10319.962
2018-12-24 18:00:00,13829.215
2018-12-24 21:00:00,16428.125
2018-12-25 00:00:00,12161.515
2018-12-25 03:00:00,7399.401
2018-12-25 06:00:00,6820.2944
2018-12-25 09:00:00,8039.018
2018-12-25 12:00:00,18640.268
2018-12-25 15:00:00,13650.212
2018-12-25 18:00:00,13214.101
2018-12-25 21:00:00,16343.264
2018-12-26 00:00:00,13204.52
2018-12-26 03:00:00,9646.598
2018-12-26 06:00:00,5409.6504
2018-12-26 09:00:00,6802.17
2018-12-26 12:00:00,15460.283
2018-12-26 15:00:00,11550.97
2018-12-26 18:00:00,14697.201
2018-12-26 21:00:00,16569.44
2018-12-27 00:00:00,14762.152
2018-12-27 03:00:00,8305.662
2018-12-27 06:00:00,7854.3096
2018-12-27 09:00:00,12919.278
2018-12-27 12:00:00,16346.389
2018-12-27 15:00:00,13675.63
2018-12-27 18:00:00,13716.74
2018-12-27 21:00:00,14832.136
2018-12-28 00:00:00,14225.141
2018-12-28 03:00:00,7126.003
2018-12-28 06:00:00,5400.8003
2018-12-28 09:00:00,6718.08
2018-12-28 12:00:00,15826.558
2018-12-28 15:00:00,14906.368
2018-12-28 18:00:00,14038.214
2018-12-28 21:00:00,12132.52
2018-12-29 00:00:00,12513.205
2018-12-29 03:00:00,2678.0657
2018-12-29 06:00:00,3304.3555
2018-12-29 09:00:00,8226.382
2018-12-29 12:00:00,14217.082
2018-12-29 15:00:00,11791.575
2018-12-29 18:00:00,13628.889
2018-12-29 21:00:00,15392.707
2018-12-30 00:00:00,13477.613
2018-12-30 03:00:00,6181.555
2018-12-30 06:00:00,4979.629
2018-12-30 09:00:00,8623.7705
2018-12-30 12:00:00,14939.687
2018-12-30 15:00:00,9928.402
2018-12-30 18:00:00,14510.58
2018-12-30 21:00:00,15337.6
2018-12-31 00:00:00,15454.708
2018-12-31 03:00:00,8843.571
2018-12-31 06:00:00,3809.4553
2018-12-31 09:00:00,7593.634
2018-12-31 12:00:00,13654.604
2018-12-31 15:00:00,13082.375
2018-12-31 18:00:00,15830.113
2018-12-31 21:00:00,15668.326
